index,Index,Label,unit,start,last,1989-12,1990-01,1990-02,1990-03,1990-04,1990-05,1990-06,1990-07,1990-08,1990-09,1990-10,1990-11,1990-12,1991-01,1991-02,1991-03,1991-04,1991-05,1991-06,1991-07,1991-08,1991-09,1991-10,1991-11,1991-12,1992-01,1992-02,1992-03,1992-04,1992-05,1992-06,1992-07,1992-08,1992-09,1992-10,1992-11,1992-12,1993-01,1993-02,1993-03,1993-04,1993-05,1993-06,1993-07,1993-08,1993-09,1993-10,1993-11,1993-12,1994-01,1994-02,1994-03,1994-04,1994-05,1994-06,1994-07,1994-08,1994-09,1994-10,1994-11,1994-12,1995-01,1995-02,1995-03,1995-04,1995-05,1995-06,1995-07,1995-08,1995-09,1995-10,1995-11,1995-12,1996-01,1996-02,1996-03,1996-04,1996-05,1996-06,1996-07,1996-08,1996-09,1996-10,1996-11,1996-12,1997-01,1997-02,1997-03,1997-04,1997-05,1997-06,1997-07,1997-08,1997-09,1997-10,1997-11,1997-12,1998-01,1998-02,1998-03,1998-04,1998-05,1998-06,1998-07,1998-08,1998-09,1998-10,1998-11,1998-12,1999-01,1999-02,1999-03,1999-04,1999-05,1999-06,1999-07,1999-08,1999-09,1999-10,1999-11,1999-12,2000-01,2000-02,2000-03,2000-04,2000-05,2000-06,2000-07,2000-08,2000-09,2000-10,2000-11,2000-12,2001-01,2001-02,2001-03,2001-04,2001-05,2001-06,2001-07,2001-08,2001-09,2001-10,2001-11,2001-12,2002-01,2002-02,2002-03,2002-04,2002-05,2002-06,2002-07,2002-08,2002-09,2002-10,2002-11,2002-12,2003-01,2003-02,2003-03,2003-04,2003-05,2003-06,2003-07,2003-08,2003-09,2003-10,2003-11,2003-12,2004-01,2004-02,2004-03,2004-04,2004-05,2004-06,2004-07,2004-08,2004-09,2004-10,2004-11,2004-12,2005-01,2005-02,2005-03,2005-04,2005-05,2005-06,2005-07,2005-08,2005-09,2005-10,2005-11,2005-12,2006-01,2006-02,2006-03,2006-04,2006-05,2006-06,2006-07,2006-08,2006-09,2006-10,2006-11,2006-12,2007-01,2007-02,2007-03,2007-04,2007-05,2007-06,2007-07,2007-08,2007-09,2007-10,2007-11,2007-12,2008-01,2008-02,2008-03,2008-04,2008-05,2008-06,2008-07,2008-08,2008-09,2008-10,2008-11,2008-12,2009-01,2009-02,2009-03,2009-04,2009-05,2009-06,2009-07,2009-08,2009-09,2009-10,2009-11,2009-12,2010-01,2010-02,2010-03,2010-04,2010-05,2010-06,2010-07,2010-08,2010-09,2010-10,2010-11,2010-12,2011-01,2011-02,2011-03,2011-04,2011-05,2011-06,2011-07,2011-08,2011-09,2011-10,2011-11,2011-12,2012-01,2012-02,2012-03,2012-04,2012-05,2012-06,2012-07,2012-08,2012-09,2012-10,2012-11,2012-12,2013-01,2013-02,2013-03,2013-04,2013-05,2013-06,2013-07,2013-08,2013-09,2013-10,2013-11,2013-12,2014-01,2014-02,2014-03,2014-04,2014-05,2014-06,2014-07,2014-08,2014-09,2014-10,2014-11,2014-12,2015-01,2015-02,2015-03,2015-04,2015-05,2015-06,2015-07,2015-08,2015-09,2015-10,2015-11,2015-12,2016-01,2016-02,2016-03,2016-04,2016-05,2016-06,2016-07,2016-08,2016-09,2016-10,2016-11,2016-12,2017-01,2017-02,2017-03,2017-04,2017-05,2017-06,2017-07,2017-08,2017-09,2017-10,2017-11,2017-12,2018-01,2018-02,2018-03,2018-04,2018-05,2018-06,2018-07,2018-08,2018-09,2018-10,2018-11,2018-12,2019-01,2019-02,2019-03,2019-04,2019-05,2019-06,2019-07,2019-08,2019-09,2019-10,2019-11,2019-12,2020-01,2020-02,2020-03,2020-04,2020-05,2020-06,2020-07,2020-08,2020-09,2020-10,2020-11,2020-12,2021-01,2021-02,2021-03,2021-04,2021-05,2021-06,2021-07,2021-08,2021-09,2021-10,2021-11,2021-12,2022-01
PCU5613--5613--               ,PCU5613--5613--               ,"PPI industry group data for Employment services, not seasonally adjusted",Index base: 1996.12 = 100,1996-M12,2022-M01,,,,,,,,,,,,,,,,,,,,,,,,,,,,,,,,,,,,,,,,,,,,,,,,,,,,,,,,,,,,,,,,,,,,,,,,,,,,,,,,,,,,,100.0,100.2,100.6,100.6,100.8,100.9,101.0,101.1,101.1,101.3,101.5,101.6,101.7,102.4,102.6,102.6,102.6,102.8,102.9,103.2,103.5,103.7,103.9,104.0,104.1,104.2,104.2,104.6,104.8,105.1,105.2,105.3,105.3,105.5,105.8,106.0,106.0,106.2,106.3,106.4,106.7,107.2,107.4,107.5,107.8,108.1,108.2,108.4,107.4,107.4,107.6,108.0,108.1,108.3,108.5,108.5,108.5,108.6,109.2,107.6,107.6,107.7,107.7,107.5,108.4,108.6,108.8,109.3,109.0,109.7,109.8,110.0,110.0,110.6,111.1,111.0,111.3,111.1,111.2,111.3,111.7,111.9,112.1,111.8,112.1,112.1,112.5,113.2,113.1,113.8,114.0,114.6,114.6,114.2,115.2,115.2,114.4,115.1,115.7,115.4,115.8,115.9,115.6,116.2,116.5,116.4,117.3,117.7,118.4,117.8,117.8,118.8,118.9,118.4,118.6,119.2,120.0,119.9,120.1,120.2,120.7,120.8,121.0,121.2,121.3,121.4,121.6,121.8,121.9,122.0,122.4,122.3,122.2,122.3,123.0,123.0,122.9,122.7,122.8,123.0,123.4,123.1,123.6,124.1,124.2,123.8,124.0,123.6,123.9,123.5,123.6,123.7,123.6,123.3,123.2,122.8,122.8,123.9,123.6,123.7,124.5,124.9,125.2,125.7,125.8,125.6,125.4,125.3,125.3,125.5,125.6,125.6,125.4,125.3,125.4,125.1,125.3,125.2,125.6,125.6,125.9,125.5,126.1,126.0,126.6,126.1,126.2,126.6,126.4,126.2,126.5,126.8,126.7,127.3,127.8,127.9,128.2,128.4,128.2,129.0,128.9,128.9,129.4,129.5,129.3,129.9,130.6,130.5,130.4,131.1,131.1,131.3,131.5,131.6,132.1,131.8,131.9,132.4,132.0,132.1,132.3,133.0,133.1,133.6,133.8,134.1,134.5,135.3,135.2,136.2,135.7,137.0,137.1,137.1,136.1,136.1,136.5,136.9,137.0,137.3,137.9,137.9,137.9,138.1,138.4,138.4,138.7,139.0,138.7,139.0,139.5,139.4,138.8,139.3,139.4,139.3,139.1,140.0,139.5,139.3,139.6,139.3,139.2,140.1,139.5,140.4,140.7,142.5,141.0,143.4,141.4,142.4,143.0,142.1,143.4,143.3,143.9,143.0,142.7,142.7,142.8,145.6,146.0,145.9,146.9,145.9,146.3,146.2,146.9,147.5,148.9,147.1,149.6,149.9,151.7,151.56,151.477,151.531,151.766,153.111,154.519,155.515
PCU56133-56133-               ,PCU56133-56133-               ,"PPI industry data for Employee leasing services, not seasonally adjusted",Index base: 2003.12 = 100,2003-M12,2022-M01,,,,,,,,,,,,,,,,,,,,,,,,,,,,,,,,,,,,,,,,,,,,,,,,,,,,,,,,,,,,,,,,,,,,,,,,,,,,,,,,,,,,,,,,,,,,,,,,,,,,,,,,,,,,,,,,,,,,,,,,,,,,,,,,,,,,,,,,,,,,,,,,,,,,,,,,,,,,,,,,,,,,,,,,,100.0,100.0,100.0,100.7,100.7,101.0,101.6,102.0,102.1,101.3,102.4,101.6,102.0,102.0,102.1,102.3,102.4,102.3,102.4,103.1,103.1,101.9,104.6,104.6,104.6,104.8,104.8,104.8,104.8,104.8,104.8,104.8,105.9,105.9,105.9,105.9,107.3,107.3,107.3,107.3,107.3,107.7,107.7,107.7,107.7,107.7,107.7,107.7,107.7,109.0,109.0,109.0,109.0,109.0,109.0,109.0,109.0,109.0,109.0,109.0,109.0,109.6,109.6,109.5,110.0,110.2,110.2,110.4,110.5,110.5,110.5,110.4,110.8,112.0,112.3,112.3,111.9,111.8,111.9,112.0,112.2,112.2,112.1,112.2,112.3,112.3,112.2,112.0,111.8,111.9,112.1,112.2,112.2,112.6,113.2,113.2,113.4,113.5,113.9,113.7,114.5,113.9,113.5,113.7,113.7,112.9,113.2,113.4,113.5,115.0,115.8,115.0,114.9,115.1,115.1,115.5,115.2,115.2,116.2,116.6,116.3,116.9,116.5,116.3,115.7,117.2,116.8,116.9,117.1,117.1,117.1,116.6,116.1,116.6,115.4,115.0,114.9,116.2,117.3,117.7,118.7,119.4,119.4,119.9,119.3,121.0,120.9,123.3,123.2,123.2,122.2,122.6,122.8,123.1,123.1,123.2,124.0,124.0,124.0,123.7,124.0,123.9,123.6,124.0,123.9,124.3,124.7,124.7,124.7,125.0,124.8,124.6,123.4,123.0,123.2,122.5,123.1,122.0,122.3,122.3,122.3,122.8,122.7,125.9,124.9,128.1,124.9,125.2,126.6,124.7,126.4,125.8,124.3,126.3,126.4,126.4,123.1,124.1,124.1,124.1,124.7,124.8,124.8,124.8,124.8,125.8,126.0,125.8,127.1,127.1,128.2,128.154,128.154,128.266,128.441,128.44,128.44,128.441
PCU561330561330               ,PCU561330561330               ,"PPI industry data for Professional employer organizations, not seasonally adjusted",Index base: 2003.12 = 100,2003-M12,2022-M01,,,,,,,,,,,,,,,,,,,,,,,,,,,,,,,,,,,,,,,,,,,,,,,,,,,,,,,,,,,,,,,,,,,,,,,,,,,,,,,,,,,,,,,,,,,,,,,,,,,,,,,,,,,,,,,,,,,,,,,,,,,,,,,,,,,,,,,,,,,,,,,,,,,,,,,,,,,,,,,,,,,,,,,,,100.0,100.0,100.0,100.7,100.7,101.0,101.6,102.0,102.1,101.3,102.4,101.6,102.0,102.0,102.1,102.3,102.4,102.3,102.4,103.1,103.1,101.9,104.6,104.6,104.6,104.8,104.8,104.8,104.8,104.8,104.8,104.8,105.9,105.9,105.9,105.9,107.3,107.3,107.3,107.3,107.3,107.7,107.7,107.7,107.7,107.7,107.7,107.7,107.7,109.0,109.0,109.0,109.0,109.0,109.0,109.0,109.0,109.0,109.0,109.0,109.0,109.6,109.6,109.5,110.0,110.2,110.2,110.4,110.5,110.5,110.5,110.4,110.8,112.0,112.3,112.3,111.9,111.8,111.9,112.0,112.2,112.2,112.1,112.2,112.3,112.3,112.2,112.0,111.8,111.9,112.1,112.2,112.2,112.6,113.2,113.2,113.4,113.5,113.9,113.7,114.5,113.9,113.5,113.7,113.7,112.9,113.2,113.4,113.5,115.0,115.8,115.0,114.9,115.1,115.1,115.5,115.2,115.2,116.2,116.6,116.3,116.9,116.5,116.3,115.7,117.2,116.8,116.9,117.1,117.1,117.1,116.6,116.1,116.6,115.4,115.0,114.9,116.2,117.3,117.7,118.7,119.4,119.4,119.9,119.3,121.0,120.9,123.3,123.2,123.2,122.2,122.6,122.8,123.1,123.1,123.2,124.0,124.0,124.0,123.7,124.0,123.9,123.6,124.0,123.9,124.3,124.7,124.7,124.7,125.0,124.8,124.6,123.4,123.0,123.2,122.5,123.1,122.0,122.3,122.3,122.3,122.8,122.7,125.9,124.9,128.1,124.9,125.2,126.6,124.7,126.4,125.8,124.3,126.3,126.4,126.4,123.1,124.1,124.1,124.1,124.7,124.8,124.8,124.8,124.8,125.8,126.0,125.8,127.1,127.1,128.2,128.154,128.154,128.266,128.441,128.44,128.44,128.441
PCU5613305613301              ,PCU5613305613301              ,"PPI industry data for Professional employer organizations-Co-employment staffing, not seasonally adjusted",Index base: 1994.06 = 100,1994-M06,2022-M01,,,,,,,,,,,,,,,,,,,,,,,,,,,,,,,,,,,,,,,,,,,,,,,,,,,,,,,100.0,100.0,100.6,101.4,102.3,102.3,103.0,103.3,103.2,103.3,103.3,103.3,103.3,103.3,103.8,104.2,104.2,104.2,104.2,104.4,104.3,104.3,104.3,104.2,104.1,107.2,107.2,108.1,108.1,108.1,107.8,109.2,109.2,108.2,107.7,107.7,107.8,107.8,107.8,107.8,107.8,107.8,108.0,108.0,108.0,107.9,107.9,108.0,108.0,108.7,109.2,109.2,109.2,109.2,109.9,110.0,110.0,110.0,110.0,110.0,110.0,110.2,110.4,110.6,112.0,112.0,112.2,112.1,112.1,112.1,114.7,114.7,114.7,116.4,116.4,116.4,116.4,117.5,117.7,117.0,116.8,121.8,121.8,121.8,121.9,121.9,121.9,123.0,123.0,123.0,123.0,122.1,121.3,120.3,124.4,124.4,125.4,126.6,126.5,128.4,127.2,126.9,126.9,127.6,127.8,127.4,127.8,128.3,128.2,128.2,128.9,128.8,129.2,129.2,129.2,129.2,129.2,130.2,130.1,130.5,131.3,131.9,132.0,130.9,132.3,131.3,131.8,131.8,131.9,132.2,132.3,132.3,132.3,133.2,133.2,131.7,135.2,135.2,135.2,135.5,135.5,135.5,135.5,135.5,135.5,135.5,136.8,136.8,136.8,136.8,138.7,138.7,138.7,138.7,138.7,139.2,139.2,139.2,139.2,139.2,139.2,139.2,139.2,140.9,140.9,140.9,140.9,140.9,140.9,140.9,140.9,140.9,140.9,140.9,140.9,141.6,141.6,141.5,142.1,142.4,142.4,142.7,142.7,142.7,142.7,142.7,143.2,144.8,145.1,145.1,144.6,144.5,144.6,144.8,144.9,144.9,144.9,144.9,145.1,145.1,145.0,144.7,144.5,144.6,144.9,145.0,145.0,145.5,146.3,146.3,146.5,146.7,147.1,146.9,147.9,147.1,146.6,146.9,147.0,145.8,146.3,146.5,146.7,148.6,149.6,148.6,148.5,148.8,148.7,149.2,148.8,148.9,150.1,150.7,150.3,151.0,150.6,150.2,149.5,151.4,150.9,151.1,151.3,151.4,151.4,150.7,150.0,150.7,149.1,148.6,148.4,150.2,151.5,152.1,153.4,154.2,154.2,155.0,154.2,156.4,156.3,159.3,159.3,159.3,157.9,158.4,158.7,159.2,159.2,159.3,160.3,160.3,160.3,160.0,160.3,160.2,159.8,160.4,160.1,160.8,161.3,161.3,161.3,161.6,161.4,161.1,159.6,159.0,159.2,158.4,159.2,157.7,158.1,158.1,158.1,158.7,158.6,162.8,161.5,165.6,161.5,161.9,163.7,161.2,163.4,162.7,160.7,163.4,163.5,163.4,159.1,160.5,160.5,160.5,161.2,161.4,161.4,161.4,161.4,162.7,163.0,162.7,164.4,164.4,165.7,165.733,165.733,165.88,166.108,166.107,166.107,166.108
PCU561330561330P              ,PCU561330561330P              ,"PPI industry data for Professional employer organizations-Primary services, not seasonally adjusted",Index base: 1994.06 = 100,1994-M06,2022-M01,,,,,,,,,,,,,,,,,,,,,,,,,,,,,,,,,,,,,,,,,,,,,,,,,,,,,,,100.0,100.0,100.6,101.4,102.3,102.3,103.0,103.3,103.2,103.3,103.3,103.3,103.3,103.3,103.8,104.2,104.2,104.2,104.2,104.4,104.3,104.3,104.3,104.2,104.1,107.2,107.2,108.1,108.1,108.1,107.8,109.2,109.2,108.2,107.7,107.7,107.8,107.8,107.8,107.8,107.8,107.8,108.0,108.0,108.0,107.9,107.9,108.0,108.0,108.7,109.2,109.2,109.2,109.2,109.9,110.0,110.0,110.0,110.0,110.0,110.0,110.2,110.4,110.6,112.0,112.0,112.2,112.1,112.1,112.1,114.7,114.7,114.7,116.4,116.4,116.4,116.4,117.5,117.7,117.0,116.8,121.8,121.8,121.8,121.9,121.9,121.9,123.0,123.0,123.0,123.0,122.1,121.3,120.3,124.4,124.4,125.4,126.6,126.5,128.4,127.2,126.9,126.9,127.6,127.8,127.4,127.8,128.3,128.2,128.2,128.9,128.8,129.2,129.2,129.2,129.2,129.2,130.2,130.1,130.5,131.3,131.9,132.0,130.9,132.3,131.3,131.8,131.8,131.9,132.2,132.3,132.3,132.3,133.2,133.2,131.7,135.2,135.2,135.2,135.5,135.5,135.5,135.5,135.5,135.5,135.5,136.8,136.8,136.8,136.8,138.7,138.7,138.7,138.7,138.7,139.2,139.2,139.2,139.2,139.2,139.2,139.2,139.2,140.9,140.9,140.9,140.9,140.9,140.9,140.9,140.9,140.9,140.9,140.9,140.9,141.6,141.6,141.5,142.1,142.4,142.4,142.7,142.7,142.7,142.7,142.7,143.2,144.8,145.1,145.1,144.6,144.5,144.6,144.8,144.9,144.9,144.9,144.9,145.1,145.1,145.0,144.7,144.5,144.6,144.9,145.0,145.0,145.5,146.3,146.3,146.5,146.7,147.1,146.9,147.9,147.1,146.6,146.9,147.0,145.8,146.3,146.5,146.7,148.6,149.6,148.6,148.5,148.8,148.7,149.2,148.8,148.9,150.1,150.7,150.3,151.0,150.6,150.2,149.5,151.4,150.9,151.1,151.3,151.4,151.4,150.7,150.0,150.7,149.1,148.6,148.4,150.2,151.5,152.1,153.4,154.2,154.2,155.0,154.2,156.4,156.3,159.3,159.3,159.3,157.9,158.4,158.7,159.2,159.2,159.3,160.3,160.3,160.3,160.0,160.3,160.2,159.8,160.4,160.1,160.8,161.3,161.3,161.3,161.6,161.4,161.1,159.6,159.0,159.2,158.4,159.2,157.7,158.1,158.1,158.1,158.7,158.6,162.8,161.5,165.6,161.5,161.9,163.7,161.2,163.4,162.7,160.7,163.4,163.5,163.4,159.1,160.5,160.5,160.5,161.2,161.4,161.4,161.4,161.4,162.7,163.0,162.7,164.4,164.4,165.7,165.733,165.733,165.88,166.108,166.107,166.107,166.108
PCU56138-56138-               ,PCU56138-56138-               ,"PPI industry data for Staffing services (except PEOs), not seasonally adjusted",Index base: 2010.12 = 100,2010-M12,2022-M01,,,,,,,,,,,,,,,,,,,,,,,,,,,,,,,,,,,,,,,,,,,,,,,,,,,,,,,,,,,,,,,,,,,,,,,,,,,,,,,,,,,,,,,,,,,,,,,,,,,,,,,,,,,,,,,,,,,,,,,,,,,,,,,,,,,,,,,,,,,,,,,,,,,,,,,,,,,,,,,,,,,,,,,,,,,,,,,,,,,,,,,,,,,,,,,,,,,,,,,,,,,,,,,,,,,,,,,,,,,,,,,,,,,,,,,,,,,,,,,,,,,,,,,,,,,,,100.0,100.2,100.4,100.6,100.4,100.2,100.2,99.8,100.0,99.7,99.8,99.8,100.1,99.5,100.2,100.1,100.4,100.1,100.4,100.8,100.6,100.9,101.0,101.4,101.2,101.1,101.2,101.8,102.3,102.4,102.2,103.0,103.0,103.1,103.1,102.9,102.9,103.3,104.5,104.6,104.7,104.8,105.0,105.2,105.4,105.6,106.1,106.1,106.5,106.8,107.1,107.4,107.8,107.9,107.4,107.8,107.5,107.5,108.0,108.7,108.9,109.3,108.7,109.0,109.2,109.2,108.5,108.2,108.6,109.0,109.1,109.4,109.8,109.8,109.8,110.2,110.4,110.5,111.2,111.2,110.9,111.1,111.5,111.4,110.6,111.1,111.3,111.4,111.8,113.4,112.6,112.7,112.7,113.0,112.8,113.9,113.1,114.1,114.6,115.0,113.5,114.7,114.1,115.3,115.2,115.2,115.8,116.1,118.0,115.4,114.9,114.9,117.2,120.4,121.0,120.8,121.8,120.3,120.9,120.9,121.8,121.9,123.8,121.4,124.0,124.4,126.3,126.071,125.954,125.956,126.167,128.044,130.008,131.399
PCU561380561380               ,PCU561380561380               ,"PPI industry data for Staffing services (except PEOs), not seasonally adjusted",Index base: 2010.12 = 100,2010-M12,2022-M01,,,,,,,,,,,,,,,,,,,,,,,,,,,,,,,,,,,,,,,,,,,,,,,,,,,,,,,,,,,,,,,,,,,,,,,,,,,,,,,,,,,,,,,,,,,,,,,,,,,,,,,,,,,,,,,,,,,,,,,,,,,,,,,,,,,,,,,,,,,,,,,,,,,,,,,,,,,,,,,,,,,,,,,,,,,,,,,,,,,,,,,,,,,,,,,,,,,,,,,,,,,,,,,,,,,,,,,,,,,,,,,,,,,,,,,,,,,,,,,,,,,,,,,,,,,,,100.0,100.2,100.4,100.6,100.4,100.2,100.2,99.8,100.0,99.7,99.8,99.8,100.1,99.5,100.2,100.1,100.4,100.1,100.4,100.8,100.6,100.9,101.0,101.4,101.2,101.1,101.2,101.8,102.3,102.4,102.2,103.0,103.0,103.1,103.1,102.9,102.9,103.3,104.5,104.6,104.7,104.8,105.0,105.2,105.4,105.6,106.1,106.1,106.5,106.8,107.1,107.4,107.8,107.9,107.4,107.8,107.5,107.5,108.0,108.7,108.9,109.3,108.7,109.0,109.2,109.2,108.5,108.2,108.6,109.0,109.1,109.4,109.8,109.8,109.8,110.2,110.4,110.5,111.2,111.2,110.9,111.1,111.5,111.4,110.6,111.1,111.3,111.4,111.8,113.4,112.5,112.7,112.7,113.0,112.8,113.9,113.1,114.1,114.6,115.0,113.5,114.7,114.1,115.3,115.2,115.2,115.8,116.1,118.0,115.4,114.9,114.9,117.2,120.4,121.0,120.8,121.8,120.3,120.9,120.8,121.7,121.9,123.8,121.4,124.0,124.4,126.3,126.063,125.946,125.948,126.159,128.035,130.0,131.39
PCU5613805613801              ,PCU5613805613801              ,"PPI industry data for Staffing services (except PEOs)-Temporary help services, not seasonally adjusted",Index base: 1994.06 = 100,1994-M06,2022-M01,,,,,,,,,,,,,,,,,,,,,,,,,,,,,,,,,,,,,,,,,,,,,,,,,,,,,,,100.0,100.0,100.0,100.0,100.2,100.3,100.1,100.7,100.7,102.9,103.1,103.2,103.4,103.3,103.4,103.7,103.9,103.9,104.1,104.2,104.7,104.7,104.9,104.9,104.7,104.8,104.8,104.9,105.1,105.3,105.3,105.4,105.8,105.9,106.2,106.4,106.5,106.6,106.7,106.8,107.1,107.1,107.2,108.3,108.5,108.3,108.3,108.4,108.5,108.7,109.0,109.2,109.3,109.4,109.5,109.6,109.6,109.9,110.2,110.6,110.7,110.7,110.7,110.8,111.1,111.4,111.4,111.6,111.7,111.9,112.0,112.6,112.7,112.5,112.9,113.3,113.4,113.5,112.1,112.2,112.4,112.2,112.3,112.7,112.8,112.8,112.8,112.8,112.9,111.0,111.0,111.2,111.4,111.5,111.6,111.9,111.9,112.3,112.2,112.7,113.3,113.4,113.3,114.1,114.7,114.7,114.8,114.4,114.5,114.7,115.1,115.4,115.7,115.3,115.8,115.7,116.3,116.9,116.9,117.8,117.9,118.5,118.5,118.2,119.4,119.7,118.3,119.4,120.3,118.8,119.4,119.7,118.9,119.7,120.3,120.3,120.6,121.4,122.5,121.3,121.5,123.1,123.2,122.4,122.6,123.6,124.4,124.2,124.4,124.7,124.8,124.9,125.3,125.6,125.9,125.7,126.0,126.4,126.6,127.0,127.5,127.5,127.1,126.2,127.5,127.5,127.4,126.8,127.2,127.5,128.2,127.8,128.8,129.7,129.9,128.6,129.0,128.3,128.4,127.5,127.5,127.5,127.2,126.7,126.5,125.8,125.4,126.4,125.5,125.7,127.7,128.6,129.2,130.0,130.2,129.7,129.4,128.9,128.9,129.1,129.4,129.9,129.5,129.1,129.2,128.7,129.1,128.4,128.7,128.8,129.4,128.6,129.6,129.4,129.8,129.3,129.7,130.1,129.9,130.3,130.5,130.8,130.5,130.5,130.4,131.0,131.9,131.6,131.4,132.4,132.5,132.4,132.7,132.5,132.6,133.3,134.5,134.5,134.2,134.4,134.7,135.0,135.3,135.6,136.4,136.4,136.9,137.3,137.5,137.9,138.5,138.5,137.8,138.5,138.0,138.0,138.8,140.0,140.3,140.9,140.0,140.4,140.8,140.9,139.9,139.5,140.0,140.3,140.6,140.9,141.5,141.4,141.2,141.9,142.1,142.3,143.3,143.5,143.4,143.4,143.8,143.7,142.6,143.3,143.4,143.7,144.2,146.8,145.7,145.5,145.4,146.0,146.0,147.7,146.1,147.7,148.4,149.2,147.2,149.2,148.1,149.9,149.6,149.8,150.6,150.9,153.7,149.7,148.8,148.8,152.6,157.2,158.1,158.3,160.0,157.8,158.3,158.4,159.4,160.1,162.6,159.2,163.0,163.4,166.0,165.738,165.002,165.12,165.871,168.589,171.082,173.635
PCU561380561380101            ,PCU561380561380101            ,"PPI industry data for Staffing services (except PEOs)-Temporary help services, office and clerical, not seasonally adjusted",Index base: 1994.06 = 100,1994-M06,2022-M01,,,,,,,,,,,,,,,,,,,,,,,,,,,,,,,,,,,,,,,,,,,,,,,,,,,,,,,100.0,100.0,100.0,100.0,100.1,100.2,99.7,100.5,100.4,103.1,103.4,103.5,103.7,103.7,103.9,104.2,104.6,104.6,104.7,104.8,105.4,105.4,105.7,105.7,105.4,105.5,105.5,105.6,105.8,106.1,106.1,106.2,106.8,106.8,107.0,107.3,107.5,107.6,107.7,107.7,108.1,108.1,108.3,109.4,109.4,109.4,109.5,109.6,109.7,109.7,110.0,110.4,110.5,110.6,110.7,110.9,110.8,111.2,111.3,111.8,112.0,112.0,112.0,112.1,112.4,112.7,112.8,112.9,113.0,112.9,112.9,113.8,113.9,113.6,114.0,114.5,114.5,114.7,114.7,114.8,114.9,115.1,115.2,115.5,115.6,115.6,115.6,115.6,115.7,115.5,115.5,115.1,115.1,115.2,115.3,115.5,115.6,115.8,115.8,116.0,116.2,116.2,116.1,117.8,118.6,118.5,118.9,118.6,118.1,118.5,118.5,118.6,118.9,118.9,117.8,117.6,118.0,118.9,119.2,121.1,121.4,122.0,122.0,120.3,123.8,125.5,121.6,122.8,123.8,123.5,123.7,124.2,123.7,124.0,125.1,125.2,125.3,126.6,129.0,126.5,126.9,129.6,129.8,127.6,128.6,131.0,131.5,131.5,131.5,132.6,132.6,131.4,131.4,130.7,131.0,130.4,132.3,131.2,130.8,131.0,131.7,131.6,131.3,129.7,131.3,131.3,131.6,130.0,131.5,132.2,132.8,131.8,132.2,133.5,133.5,134.4,134.3,133.4,134.2,133.0,133.0,133.2,133.4,133.0,133.4,133.3,132.5,135.4,134.6,135.2,137.1,139.3,138.8,139.3,139.5,138.8,138.4,139.0,139.0,139.2,141.3,141.7,140.5,139.6,140.9,138.9,139.8,138.0,139.2,139.0,140.6,139.3,139.8,139.2,139.5,140.0,140.0,139.9,140.2,140.3,140.5,140.9,141.4,143.1,143.1,144.1,143.4,143.9,143.0,143.2,143.6,144.3,144.5,144.8,144.5,144.4,145.2,145.3,145.6,145.7,146.8,146.6,146.9,146.8,147.6,147.8,148.0,149.1,149.4,149.1,149.3,149.0,148.8,148.9,148.9,149.2,150.3,151.3,151.3,151.6,149.6,150.9,151.0,153.4,154.6,155.3,155.8,156.1,156.8,156.7,157.3,157.7,157.6,157.3,157.3,157.4,158.0,158.4,157.8,159.0,159.2,158.9,158.9,159.2,159.8,161.0,161.3,162.1,160.5,161.3,161.0,162.2,163.4,163.8,163.2,163.5,165.0,164.7,165.2,166.0,164.0,164.3,164.9,165.7,166.8,167.9,168.9,168.3,170.6,169.9,167.1,169.8,169.7,169.5,170.3,171.4,159.7,159.7,164.5,164.9,165.6,167.4,162.1,163.6,173.7,173.475,164.539,163.018,167.709,169.533,170.442,171.988
PCU561380561380102            ,PCU561380561380102            ,"PPI industry data for Staffing services (except PEOs)-Temporary help services, light and heavy industrial, not seasonally adjusted",Index base: 1994.06 = 100,1994-M06,2022-M01,,,,,,,,,,,,,,,,,,,,,,,,,,,,,,,,,,,,,,,,,,,,,,,,,,,,,,,100.0,100.1,100.2,100.2,100.4,100.4,100.5,101.0,101.1,104.8,104.8,104.8,105.0,105.0,105.1,105.3,105.3,105.4,105.7,105.7,105.9,106.1,105.9,105.9,105.9,106.0,106.2,106.1,106.6,106.7,106.7,106.6,106.7,107.0,107.3,107.3,107.5,107.5,108.0,108.6,108.9,108.9,108.9,109.1,109.2,109.2,109.3,109.3,109.4,109.4,109.6,109.7,109.6,109.8,109.8,110.0,110.1,110.1,110.1,110.1,110.2,110.2,110.3,110.5,110.5,110.9,110.7,110.7,110.7,111.4,111.4,111.7,111.6,111.6,112.4,112.4,112.9,113.0,113.0,113.2,113.2,113.3,113.4,113.4,113.4,113.4,113.4,113.4,113.4,114.0,114.0,114.1,114.6,114.4,114.5,115.1,114.9,115.7,115.3,115.9,117.5,117.7,117.6,117.5,118.0,118.1,118.1,118.0,118.3,118.2,118.9,119.4,119.6,119.4,119.5,119.5,119.3,119.5,119.0,119.7,119.1,120.0,120.5,120.2,120.1,120.2,120.3,121.4,122.8,121.2,121.6,121.6,121.1,121.2,121.6,121.5,121.4,122.0,122.1,122.0,122.4,124.1,124.2,124.2,124.0,124.1,125.0,124.7,124.6,125.0,125.0,125.2,125.3,125.2,125.6,126.0,125.6,126.9,127.1,127.5,127.5,127.6,127.4,126.9,127.7,127.3,127.4,127.3,127.2,127.8,128.1,127.5,130.2,131.4,132.0,128.8,129.2,128.7,126.3,126.3,126.7,126.6,126.8,127.1,126.9,126.4,126.5,127.7,126.6,126.5,128.7,127.9,128.8,130.2,130.7,130.0,129.5,129.9,129.9,130.3,129.2,129.7,129.4,129.5,128.7,129.2,129.6,129.9,129.8,130.2,130.3,130.3,130.0,131.2,130.8,131.1,131.0,130.6,130.5,130.4,130.6,130.9,130.6,130.5,130.5,130.5,130.5,130.3,128.8,129.1,129.6,129.5,129.6,130.0,130.4,129.8,129.7,129.9,129.8,130.7,130.4,131.0,131.2,131.0,131.7,132.2,131.7,132.4,133.0,133.6,134.5,134.1,134.3,135.5,136.2,136.4,137.0,138.0,138.3,139.1,139.2,139.7,140.2,141.1,141.1,141.9,142.2,142.5,142.5,142.8,143.5,144.2,144.5,144.9,145.9,146.1,147.4,147.9,148.1,148.3,148.6,148.1,148.1,149.5,149.9,151.0,151.9,152.7,152.1,152.6,153.9,154.3,154.6,155.1,155.8,157.0,156.0,157.0,156.8,156.0,155.6,158.5,157.4,157.7,158.5,158.1,159.5,160.3,158.6,159.3,159.6,163.0,166.3,167.7,168.3,169.0,168.7,170.0,172.7,174.1,173.8,170.3,171.2,169.9,172.4,175.067,176.9,178.852,174.444,177.644,179.344,180.774
PCU561380561380103            ,PCU561380561380103            ,"PPI industry data for Staffing services (except PEOs)-Temporary help services, technical and professional, not seasonally adjusted",Index base: 1994.06 = 100,1994-M06,2022-M01,,,,,,,,,,,,,,,,,,,,,,,,,,,,,,,,,,,,,,,,,,,,,,,,,,,,,,,100.0,100.0,100.0,100.0,100.0,100.0,100.0,100.1,100.1,100.1,100.0,100.3,100.3,100.3,100.4,100.4,100.4,100.4,100.4,100.4,100.5,100.5,100.5,100.5,100.5,100.8,100.8,100.9,100.9,100.9,100.9,100.8,100.9,100.9,101.2,101.2,101.2,101.2,101.2,101.3,101.3,101.3,101.3,102.3,103.7,103.7,103.8,103.8,104.1,104.1,104.1,104.2,104.1,104.2,104.4,104.4,104.4,104.6,104.6,104.6,104.6,104.6,104.5,104.8,104.8,104.8,104.8,104.8,105.0,105.0,105.0,105.0,105.3,105.5,105.5,105.6,105.6,105.6,89.7,90.3,90.9,88.2,88.4,88.4,88.6,87.4,87.4,87.4,87.2,71.1,71.1,71.4,71.6,72.2,72.6,72.8,73.0,73.0,73.4,74.1,73.9,73.8,73.8,73.7,74.4,74.4,74.6,74.2,74.2,74.4,74.5,75.4,75.4,75.5,75.9,75.5,76.6,77.0,76.7,76.9,77.7,78.3,78.3,79.8,79.3,77.7,76.8,78.1,79.3,74.9,75.0,74.8,73.5,74.3,74.6,75.3,75.0,76.3,76.9,75.8,76.4,76.3,76.4,75.8,76.2,76.5,77.6,77.1,78.8,77.8,77.8,79.0,80.4,82.7,83.1,82.2,80.9,82.8,83.2,84.2,85.6,85.1,84.4,83.7,85.5,85.8,84.9,85.0,84.3,83.7,85.4,86.1,85.2,85.7,84.7,83.5,84.5,83.3,86.3,84.3,84.0,83.1,81.6,79.4,78.7,76.5,76.5,75.1,73.6,74.0,76.3,77.3,77.9,78.7,78.8,78.7,79.2,77.1,77.1,77.3,76.9,77.5,78.1,77.9,77.6,77.6,77.4,77.4,77.4,77.2,77.0,76.9,77.9,76.6,77.6,76.8,76.7,77.6,77.2,78.2,78.3,78.9,78.4,78.3,77.9,78.6,80.8,80.4,80.7,82.6,82.0,81.5,81.6,80.8,80.7,82.6,84.9,84.4,83.5,83.6,84.1,83.7,84.0,83.5,83.6,83.2,84.4,84.2,84.1,84.9,85.4,86.0,84.0,84.3,83.8,83.5,85.0,86.8,86.3,86.2,85.0,85.2,85.7,84.3,81.8,79.8,80.2,80.1,79.5,79.7,80.0,79.9,78.7,80.1,80.3,80.5,80.6,80.8,81.1,81.6,82.1,83.1,80.7,81.0,80.9,80.4,80.7,83.8,82.4,81.3,80.2,80.6,80.0,82.9,80.3,82.0,82.5,84.0,80.3,83.2,82.6,84.2,84.3,84.2,84.7,85.4,89.1,82.4,81.4,81.1,88.4,88.8,88.1,88.2,87.6,88.2,88.1,87.4,86.5,85.7,87.2,87.1,89.1,91.1,92.0,91.649,92.525,91.134,91.715,92.198,92.876,92.848
PCU561380561380104            ,PCU561380561380104            ,"PPI industry data for Staffing services (except PEOs)-Temporary help services, medical, not seasonally adjusted",Index base: 1994.06 = 100,1994-M06,2022-M01,,,,,,,,,,,,,,,,,,,,,,,,,,,,,,,,,,,,,,,,,,,,,,,,,,,,,,,100.0,100.1,100.0,100.0,101.3,101.3,101.8,102.3,102.3,102.3,102.3,102.7,103.1,101.6,101.6,101.6,101.6,101.6,103.0,103.0,103.0,103.4,103.4,103.4,103.4,103.4,103.4,103.4,103.4,103.4,103.4,104.2,104.5,104.6,105.2,105.2,105.2,105.2,105.2,105.2,105.2,105.3,105.4,107.3,107.5,106.4,105.5,105.5,105.5,107.9,107.9,107.9,107.9,107.9,107.9,107.9,107.9,107.9,111.0,111.0,111.0,111.0,111.2,111.2,111.4,111.4,111.4,113.3,113.4,113.8,114.6,114.9,115.0,115.1,115.1,115.8,115.8,115.9,118.5,118.5,118.7,119.2,119.2,120.4,120.9,121.7,121.7,121.7,121.7,121.7,121.7,121.7,121.7,121.7,121.7,121.7,121.7,122.9,122.9,122.9,122.9,125.6,124.8,124.8,125.2,125.2,125.2,125.2,125.2,125.2,125.2,125.2,125.2,125.2,125.2,125.2,125.2,125.2,125.2,125.2,125.2,125.2,125.2,125.2,125.2,125.2,125.2,125.2,125.2,125.2,125.2,125.2,125.2,134.2,134.2,134.2,134.2,134.2,134.2,134.2,134.2,134.2,134.2,134.2,134.2,134.2,134.2,135.8,138.1,138.1,138.1,136.9,137.3,138.8,138.8,138.8,138.8,140.1,140.1,140.1,141.6,141.6,141.6,141.6,142.5,143.8,143.8,143.8,144.5,144.5,144.5,144.5,144.5,144.5,144.5,144.5,144.5,144.5,144.5,144.5,141.1,140.6,139.0,139.8,139.6,139.8,139.4,139.7,139.4,139.5,140.4,138.6,137.2,137.9,137.0,136.8,138.9,138.2,137.6,138.3,138.2,139.6,136.2,139.7,139.4,137.5,135.5,136.9,132.0,133.0,133.1,129.7,134.0,134.4,134.7,132.3,136.2,136.6,136.5,135.9,136.5,135.5,135.1,132.7,133.5,134.0,134.0,133.1,135.1,135.8,137.0,136.6,137.9,137.8,138.5,138.6,139.4,140.4,140.9,138.9,136.5,137.9,138.3,141.4,144.6,145.5,147.3,147.3,146.4,146.2,146.7,145.6,146.0,145.7,143.4,144.7,141.7,140.7,144.0,147.1,146.6,146.5,146.4,145.4,144.5,146.0,146.3,148.2,150.2,150.9,152.0,148.7,151.2,151.8,149.8,150.6,153.3,152.3,150.8,146.9,145.7,144.1,143.8,144.9,145.3,146.1,147.7,148.6,149.5,149.4,152.1,151.1,149.6,152.1,153.2,151.5,154.7,153.2,155.7,154.6,155.1,155.6,154.6,155.1,155.3,152.8,152.7,155.2,153.7,152.9,147.4,154.9,159.7,156.8,156.3,156.0,152.5,154.6,156.7,163.5,172.0,171.7,188.6,184.4,182.3,178.139,175.427,182.402,189.882,202.716,216.558,233.296
PCU561380561380105            ,PCU561380561380105            ,"PPI industry data for Staffing services (except PEOs)-Temporary help services, other, not seasonally adjusted",Index base: 1994.06 = 100,1994-M06,2022-M01,,,,,,,,,,,,,,,,,,,,,,,,,,,,,,,,,,,,,,,,,,,,,,,,,,,,,,,100.0,100.0,100.0,100.0,100.0,100.0,100.0,100.3,100.5,100.5,100.6,100.6,100.6,100.6,100.6,102.0,102.1,102.1,102.1,102.1,102.1,102.1,102.3,102.3,102.4,102.4,102.8,102.8,103.2,103.2,103.9,103.9,103.9,103.9,104.9,104.9,104.9,105.1,105.1,105.4,105.7,105.9,102.4,102.0,102.0,102.0,102.0,102.0,102.0,102.0,102.1,103.1,103.1,103.1,103.1,103.2,103.2,103.2,103.2,103.2,103.2,103.2,103.2,103.4,105.9,105.9,106.9,107.2,107.1,107.1,107.1,108.8,108.8,108.8,109.7,109.8,109.8,109.8,109.8,109.8,109.8,109.8,109.8,109.8,109.8,109.8,109.8,109.8,109.8,109.8,109.8,111.8,112.3,112.3,112.3,112.3,112.1,112.2,112.2,112.2,112.3,112.4,112.4,114.4,114.1,113.8,113.1,111.9,113.6,114.1,114.6,114.1,115.4,112.1,120.7,120.4,124.1,125.3,125.9,124.9,125.5,125.3,123.5,125.1,125.9,124.9,125.9,126.0,124.4,124.0,127.5,128.6,126.9,130.0,129.8,129.3,132.1,131.3,132.2,132.0,129.5,129.0,128.9,130.0,128.4,128.9,128.9,128.9,128.6,127.4,127.8,130.3,129.9,130.3,130.5,131.5,131.5,131.0,131.8,131.5,130.9,131.6,131.6,131.9,131.9,131.9,131.9,131.9,131.9,131.9,131.9,131.9,133.1,132.0,133.3,132.3,132.2,132.8,132.8,132.8,132.8,134.0,134.1,134.1,134.1,134.1,132.7,131.6,131.6,131.5,130.7,133.0,137.3,135.7,135.2,135.7,133.9,130.9,130.4,130.4,130.4,130.4,130.4,130.0,129.9,130.4,130.2,129.1,129.0,129.0,129.5,129.1,128.7,130.5,129.6,129.5,129.6,129.9,129.7,129.7,129.9,129.7,129.3,129.3,128.8,128.8,128.9,128.5,129.1,128.9,128.8,128.7,128.7,128.8,129.1,128.6,129.0,129.1,129.1,130.2,133.4,134.9,135.1,137.0,136.9,135.2,134.1,134.8,135.5,135.1,135.5,136.8,137.5,141.5,139.1,137.3,137.8,137.8,138.7,138.3,139.4,138.7,138.8,139.4,139.2,137.9,138.6,138.4,140.5,141.4,141.7,141.4,141.0,141.4,141.6,141.6,143.0,143.0,142.9,143.0,144.9,143.7,143.6,143.3,142.9,143.3,142.6,145.0,145.2,147.4,148.6,150.1,152.5,146.5,145.4,149.0,149.7,148.1,147.4,150.9,147.9,148.0,147.1,147.1,148.3,148.4,148.2,146.7,146.0,148.0,150.1,171.9,171.8,173.6,191.0,163.8,191.5,191.5,190.9,191.0,197.7,170.9,185.4,182.2,181.6,179.674,180.058,180.522,179.704,179.898,180.738,183.131
PCU5613805613802              ,PCU5613805613802              ,"PPI industry data for Staffing services (except PEOs)-Employment placement services, not seasonally adjusted",Index base: 2003.12 = 100,2003-M12,2022-M01,,,,,,,,,,,,,,,,,,,,,,,,,,,,,,,,,,,,,,,,,,,,,,,,,,,,,,,,,,,,,,,,,,,,,,,,,,,,,,,,,,,,,,,,,,,,,,,,,,,,,,,,,,,,,,,,,,,,,,,,,,,,,,,,,,,,,,,,,,,,,,,,,,,,,,,,,,,,,,,,,,,,,,,,,100.0,101.2,100.7,101.5,101.2,103.0,103.1,102.8,103.6,103.3,102.7,102.8,102.5,102.9,102.6,105.1,106.1,103.5,105.7,104.1,104.1,106.9,106.0,103.8,104.6,105.4,104.1,104.1,104.0,104.4,104.9,104.6,104.6,105.0,104.7,104.6,104.1,104.7,106.6,106.7,107.0,107.2,107.9,107.1,107.3,106.5,107.0,107.3,107.9,107.1,107.4,107.5,107.4,107.8,108.2,108.4,107.7,107.6,107.7,108.0,107.8,108.0,108.1,108.3,107.8,108.1,108.8,108.8,108.8,108.8,108.8,108.8,108.8,108.8,108.8,108.8,108.8,108.7,108.7,108.7,108.7,109.5,109.5,110.1,110.1,110.9,110.7,109.7,110.4,111.6,110.2,109.5,109.1,109.5,109.4,108.5,107.2,106.2,106.6,106.6,107.5,108.1,108.6,110.4,108.9,109.6,109.1,110.8,111.0,109.8,111.8,114.0,113.7,115.8,115.2,117.0,116.8,117.8,116.1,115.7,114.7,114.8,118.3,119.1,122.2,121.8,122.0,122.4,122.2,121.8,122.4,122.5,123.1,122.8,124.5,125.2,125.7,126.1,125.7,124.8,125.2,125.4,125.3,125.1,125.0,124.9,124.9,124.8,124.4,124.2,124.0,124.2,124.8,126.2,125.9,126.7,127.1,127.3,128.0,129.0,129.4,128.6,130.2,128.6,127.7,128.2,128.2,128.3,128.5,129.3,130.1,130.4,131.2,130.8,129.6,132.7,133.1,133.7,130.9,132.2,133.4,131.0,130.0,128.6,127.4,127.2,127.3,127.9,127.7,126.3,128.4,129.7,131.0,130.8,131.3,131.7,131.2,132.5,131.3,128.2,127.6,127.7,130.1,127.8,130.4,126.8,129.3,128.1,128.5,129.7,132.1,132.046,134.363,135.284,132.556,132.948,136.083,136.178
PCU5613805613803              ,PCU5613805613803              ,"PPI industry data for Staffing services (except PEOs)-Executive search services, not seasonally adjusted",Index base: 2006.12 = 100,2007-M01,2022-M01,,,,,,,,,,,,,,,,,,,,,,,,,,,,,,,,,,,,,,,,,,,,,,,,,,,,,,,,,,,,,,,,,,,,,,,,,,,,,,,,,,,,,,,,,,,,,,,,,,,,,,,,,,,,,,,,,,,,,,,,,,,,,,,,,,,,,,,,,,,,,,,,,,,,,,,,,,,,,,,,,,,,,,,,,,,,,,,,,,,,,,,,,,,,,,,,,,,,,,,,,,,,,,100.0,100.0,100.0,100.0,100.0,100.0,100.0,100.0,100.0,100.0,100.0,100.0,101.5,101.5,101.5,101.5,101.5,101.5,101.5,101.5,101.5,101.5,101.5,101.5,100.6,100.6,100.6,100.6,100.6,100.6,100.6,100.6,100.6,100.6,100.6,100.6,100.6,100.6,100.6,100.6,100.6,100.6,100.6,100.6,100.6,100.6,100.6,100.6,100.6,100.6,100.6,100.6,100.6,100.6,100.6,100.6,100.6,100.6,100.6,100.6,100.6,100.5,100.5,100.5,100.5,100.5,100.5,100.5,100.5,100.5,100.5,100.5,100.5,100.5,100.5,100.5,100.5,100.5,100.5,100.5,100.5,100.5,100.5,100.5,100.5,100.5,100.5,100.5,100.5,100.5,100.5,100.5,100.5,100.5,100.5,100.5,100.5,100.5,100.5,100.5,100.5,100.5,100.5,100.5,100.5,100.5,100.5,100.5,100.5,100.5,100.5,100.5,100.5,99.8,98.5,99.2,98.9,98.4,99.0,98.7,99.9,100.5,98.0,99.3,98.4,97.2,97.7,96.0,98.0,100.4,99.3,97.6,97.1,97.7,95.5,96.3,93.5,94.6,96.8,94.9,93.8,91.9,91.6,95.0,96.6,99.2,97.8,98.4,94.1,95.7,96.4,98.2,99.2,96.5,98.5,95.2,97.4,98.7,99.7,96.5,97.1,99.9,99.7,97.5,96.4,98.0,98.8,99.5,99.7,100.7,100.1,101.2,99.9,101.5,100.914,101.96,99.455,98.831,100.583,100.51,95.267
PCU561380561380P              ,PCU561380561380P              ,"PPI industry data for Staffing services (except PEOs)-Primary services, not seasonally adjusted",Index base: 2010.12 = 100,2010-M12,2022-M01,,,,,,,,,,,,,,,,,,,,,,,,,,,,,,,,,,,,,,,,,,,,,,,,,,,,,,,,,,,,,,,,,,,,,,,,,,,,,,,,,,,,,,,,,,,,,,,,,,,,,,,,,,,,,,,,,,,,,,,,,,,,,,,,,,,,,,,,,,,,,,,,,,,,,,,,,,,,,,,,,,,,,,,,,,,,,,,,,,,,,,,,,,,,,,,,,,,,,,,,,,,,,,,,,,,,,,,,,,,,,,,,,,,,,,,,,,,,,,,,,,,,,,,,,,,,,100.0,100.2,100.4,100.6,100.4,100.3,100.2,99.8,100.0,99.7,99.8,99.8,100.1,99.5,100.2,100.1,100.4,100.1,100.5,100.9,100.6,100.9,101.0,101.4,101.2,101.1,101.2,101.8,102.3,102.4,102.2,103.1,103.1,103.1,103.1,103.0,102.9,103.4,104.5,104.6,104.7,104.8,105.0,105.2,105.4,105.6,106.1,106.1,106.6,106.8,107.1,107.4,107.8,107.9,107.4,107.8,107.5,107.5,108.0,108.7,108.9,109.3,108.7,109.0,109.2,109.2,108.5,108.2,108.6,109.0,109.1,109.4,109.8,109.8,109.8,110.2,110.4,110.5,111.2,111.2,110.9,111.1,111.5,111.4,110.6,111.1,111.3,111.4,111.9,113.5,112.7,112.8,112.8,113.2,112.9,114.1,113.3,114.2,114.7,115.1,113.7,114.8,114.2,115.5,115.3,115.4,116.0,116.4,118.2,115.6,115.1,115.2,117.6,120.8,121.4,121.3,122.3,120.8,121.4,121.3,122.2,122.4,124.3,121.9,124.5,124.9,126.9,126.669,126.41,126.465,126.716,128.649,130.586,132.098
PCU561380561380SM             ,PCU561380561380SM             ,"PPI industry data for Staffing services (except PEOs)-Other receipts, not seasonally adjusted",Index base: 2010.12 = 100,2010-M12,2020-M05,,,,,,,,,,,,,,,,,,,,,,,,,,,,,,,,,,,,,,,,,,,,,,,,,,,,,,,,,,,,,,,,,,,,,,,,,,,,,,,,,,,,,,,,,,,,,,,,,,,,,,,,,,,,,,,,,,,,,,,,,,,,,,,,,,,,,,,,,,,,,,,,,,,,,,,,,,,,,,,,,,,,,,,,,,,,,,,,,,,,,,,,,,,,,,,,,,,,,,,,,,,,,,,,,,,,,,,,,,,,,,,,,,,,,,,,,,,,,,,,,,,,,,,,,,,,,100.0,100.2,99.4,99.4,99.4,99.4,99.4,99.4,99.4,99.4,99.4,99.2,99.3,99.5,99.5,99.5,99.5,99.5,99.2,99.0,99.2,99.4,99.4,99.4,99.9,99.3,99.4,99.5,99.3,99.4,98.7,99.4,99.9,99.9,101.2,101.2,102.0,101.6,101.6,101.5,101.5,101.6,101.6,101.4,104.9,105.0,105.0,104.7,104.4,110.8,110.8,110.8,110.8,110.8,110.8,110.8,110.8,110.8,110.8,110.8,110.8,110.8,109.3,109.3,109.3,109.3,109.3,109.3,109.3,109.3,109.3,109.3,109.3,109.3,109.3,109.3,109.3,109.3,109.3,109.3,109.3,109.3,109.3,109.3,109.3,109.3,109.4,109.3,108.7,108.4,108.5,108.2,108.5,107.9,108.2,108.3,108.3,108.9,108.9,109.2,109.2,109.2,109.2,109.2,109.2,108.3,108.3,108.3,108.3,108.3,108.3,104.7,104.7,104.7,,,,,,,,,,,,,,,,,,,,
PCU56151-56151-               ,PCU56151-56151-               ,"PPI industry data for Travel agencies, not seasonally adjusted",Index base: 2003.12 = 100,2003-M12,2022-M01,,,,,,,,,,,,,,,,,,,,,,,,,,,,,,,,,,,,,,,,,,,,,,,,,,,,,,,,,,,,,,,,,,,,,,,,,,,,,,,,,,,,,,,,,,,,,,,,,,,,,,,,,,,,,,,,,,,,,,,,,,,,,,,,,,,,,,,,,,,,,,,,,,,,,,,,,,,,,,,,,,,,,,,,,100.0,99.0,98.7,98.7,98.7,98.7,97.4,95.1,94.7,94.5,95.8,95.2,96.1,94.5,93.7,95.1,96.3,96.3,95.5,95.6,96.8,95.8,96.7,96.4,98.0,98.3,98.3,98.4,98.5,99.1,101.5,99.4,98.6,98.3,102.5,102.3,99.1,100.5,100.2,100.5,101.2,101.0,101.4,101.1,101.0,100.9,102.5,101.7,100.2,98.8,98.8,98.8,98.8,98.8,98.8,98.8,98.8,101.4,101.4,101.4,101.4,101.4,101.8,102.2,100.2,100.2,98.6,98.9,98.5,98.5,98.5,98.1,98.1,98.1,100.3,100.4,100.4,100.4,100.6,100.6,100.5,100.4,100.5,100.5,100.4,100.4,100.5,100.5,100.5,100.5,100.5,100.6,100.6,101.7,101.7,101.7,101.7,101.0,100.2,100.4,99.8,100.7,101.5,101.5,102.1,102.8,102.7,101.8,100.5,101.6,101.5,101.7,100.0,100.3,101.5,103.1,102.5,102.9,103.5,103.2,103.5,101.8,100.3,100.1,102.3,102.7,102.1,103.2,103.5,104.5,103.1,102.0,101.2,101.0,101.6,101.8,103.2,103.1,102.7,102.1,102.9,103.3,104.3,104.0,103.5,101.6,102.7,102.6,102.3,102.0,103.1,103.2,103.2,102.5,103.5,103.0,102.8,101.5,101.3,102.1,103.2,104.0,103.8,102.1,102.6,102.1,103.3,102.4,102.2,101.5,102.1,102.6,103.0,103.6,103.7,103.3,103.6,103.9,103.7,103.2,102.9,103.0,103.6,104.4,105.9,107.1,107.3,108.2,107.2,106.0,103.9,103.4,102.3,99.0,99.1,100.1,99.0,96.7,94.4,95.9,97.5,97.5,97.1,96.5,97.5,96.2,96.4,95.9,96.9,98.0,98.6,99.527,99.533,100.121,98.484,98.047,97.144,97.922
PCU561510561510               ,PCU561510561510               ,"PPI industry data for Travel agencies, not seasonally adjusted",Index base: 1989.12 = 100,1989-M12,2022-M01,100.0,100.5,103.3,105.2,104.7,106.2,106.3,107.5,107.1,108.5,110.0,114.8,113.3,111.7,113.6,111.5,115.7,114.5,113.2,113.2,115.0,112.3,111.8,114.5,116.4,117.5,117.5,122.2,113.9,108.6,110.1,110.1,109.1,112.3,112.4,112.8,114.0,115.5,115.4,114.7,114.0,113.6,116.3,117.4,115.3,112.3,114.7,117.4,117.0,115.1,117.1,118.0,117.0,118.4,115.7,115.8,115.4,111.8,112.7,113.0,113.8,115.1,114.7,114.1,110.9,113.5,113.0,110.9,110.3,108.6,109.8,108.2,106.0,106.7,111.1,111.1,110.3,111.5,109.5,109.7,109.8,110.4,111.4,108.6,108.8,109.7,113.0,118.9,115.9,117.3,117.1,114.6,114.7,115.5,112.8,113.9,110.4,111.2,111.6,113.3,113.0,113.1,114.5,114.1,113.8,114.2,113.0,106.0,107.9,109.3,110.2,111.5,111.8,112.1,114.0,115.3,117.0,117.3,108.1,109.8,108.2,109.1,110.3,121.8,123.0,122.6,124.5,123.6,126.7,124.5,125.0,126.0,124.0,126.3,126.3,128.1,129.6,128.9,128.6,127.4,128.9,113.2,114.0,113.7,114.3,115.9,113.3,115.8,114.8,115.0,114.1,114.6,114.4,111.9,112.8,113.0,112.8,113.1,113.6,113.2,113.0,113.0,112.6,112.4,111.7,111.7,111.9,112.0,112.1,110.9,110.6,110.6,110.6,110.6,109.2,106.6,106.1,105.8,107.4,106.7,107.7,105.8,104.9,106.5,107.9,107.9,107.0,107.1,108.5,107.3,108.3,108.0,109.8,110.2,110.1,110.2,110.3,111.0,113.8,111.4,110.5,110.1,114.9,114.6,111.0,112.6,112.3,112.6,113.3,113.2,113.6,113.3,113.1,113.0,114.8,114.0,112.2,110.7,110.7,110.7,110.7,110.7,110.7,110.7,110.7,113.6,113.6,113.6,113.6,113.6,114.0,114.4,112.3,112.3,110.5,110.7,110.3,110.3,110.3,109.9,109.9,109.9,112.4,112.4,112.4,112.5,112.6,112.7,112.5,112.4,112.6,112.5,112.5,112.5,112.5,112.6,112.5,112.6,112.6,112.6,112.6,113.9,113.9,113.9,113.9,113.2,112.2,112.4,111.8,112.8,113.7,113.7,114.4,115.2,115.0,114.0,112.6,113.8,113.7,113.9,112.0,112.4,113.7,115.4,114.9,115.3,115.9,115.6,115.9,114.1,112.3,112.2,114.6,115.0,114.4,115.7,115.9,117.0,115.5,114.2,113.4,113.2,113.8,114.0,115.6,115.5,115.1,114.4,115.2,115.8,116.8,116.5,116.0,113.8,115.1,114.9,114.6,114.3,115.5,115.6,115.6,114.9,116.0,115.4,115.2,113.7,113.5,114.3,115.6,116.5,116.3,114.4,114.9,114.4,115.8,114.7,114.5,113.7,114.4,115.0,115.5,116.0,116.2,115.7,116.1,116.4,116.2,115.7,115.3,115.4,116.1,117.0,118.7,120.0,120.2,121.3,120.1,118.7,116.4,115.8,114.6,110.9,111.0,112.1,110.9,108.4,105.7,107.5,109.2,109.2,108.8,108.1,109.3,107.7,108.0,107.4,108.5,109.8,110.5,111.491,111.498,112.158,110.322,109.833,108.822,109.694
PCU5615105615101              ,PCU5615105615101              ,"PPI industry data for Travel agencies-Flight bookings, not seasonally adjusted",Index base: 1989.12 = 100,1989-M12,2022-M01,100.0,100.1,104.0,107.1,107.3,110.0,110.3,111.8,111.6,114.4,116.4,123.2,120.6,117.4,120.6,117.5,124.0,122.6,121.5,122.4,125.3,120.3,119.5,123.2,126.0,126.7,125.7,133.2,121.1,113.5,115.1,114.1,112.6,117.5,118.1,118.1,119.1,121.7,121.8,121.6,122.0,121.7,125.8,127.6,124.0,120.0,123.2,127.0,124.0,120.9,124.8,125.8,123.8,126.5,122.5,122.7,121.8,117.9,118.2,119.5,120.3,120.3,118.7,117.6,112.6,117.3,117.5,113.9,113.0,111.6,112.2,109.2,104.5,104.6,110.4,110.2,108.9,111.4,112.3,112.8,113.4,115.0,115.8,113.1,112.6,112.9,116.3,120.5,117.2,117.9,119.1,115.8,114.2,114.2,111.6,113.2,108.0,109.0,109.5,111.6,110.3,110.6,112.1,112.4,112.2,112.4,111.0,102.5,102.0,102.6,103.4,104.7,104.8,105.1,107.6,107.8,108.9,108.3,95.3,96.1,94.7,95.4,97.1,112.4,111.4,110.6,113.6,112.8,114.9,114.1,114.7,115.8,115.4,116.0,115.0,117.3,117.4,118.3,119.1,117.9,118.5,100.9,101.0,104.0,103.6,101.7,101.4,102.3,100.4,102.2,101.2,101.5,101.9,98.6,97.9,97.9,97.9,97.7,98.9,97.8,97.7,96.8,96.8,96.4,96.4,96.4,96.4,97.0,93.2,94.0,93.7,93.7,95.1,95.1,93.6,91.4,92.2,92.0,91.1,91.1,92.0,90.5,90.7,92.8,93.3,93.3,89.5,90.5,92.7,91.6,92.3,92.2,93.2,93.2,93.2,93.2,90.8,90.4,90.9,90.7,90.4,89.7,93.0,93.0,93.2,95.8,95.9,96.7,97.8,97.4,98.0,97.9,96.5,96.4,97.3,95.5,95.5,94.2,94.2,94.2,94.2,94.2,94.2,94.2,94.2,98.4,98.4,98.4,98.4,98.4,98.4,98.4,96.7,96.7,92.4,92.4,92.4,92.4,92.4,92.4,92.4,92.4,95.7,95.7,95.7,95.7,95.7,95.7,95.7,95.7,95.7,95.7,95.7,95.7,95.7,95.7,95.7,95.7,95.7,95.7,95.7,95.7,95.7,95.7,95.7,96.0,95.4,95.6,95.0,94.3,93.9,94.2,94.4,93.6,92.0,91.3,91.1,94.4,96.4,97.1,95.5,95.1,97.4,99.8,100.2,100.6,100.3,100.5,100.6,101.5,101.5,103.6,104.8,104.3,103.6,104.6,102.7,106.6,101.9,101.3,98.3,99.2,99.0,97.3,97.7,96.9,96.4,95.1,95.7,96.2,95.9,94.9,94.0,93.3,93.8,93.5,91.7,91.5,91.0,89.5,89.9,90.0,97.8,97.8,98.0,92.9,93.1,92.5,95.0,94.7,94.2,84.5,84.6,84.3,93.8,94.0,94.1,96.3,96.8,96.7,94.9,95.0,94.7,93.6,94.0,93.7,94.8,94.5,94.9,94.6,94.9,94.1,96.1,95.9,95.7,100.2,100.5,100.2,98.2,98.3,98.6,91.0,91.1,90.2,90.0,89.3,89.3,95.1,96.0,95.5,94.6,94.5,94.6,86.8,86.5,85.8,85.9,86.9,86.7,83.497,83.972,84.586,83.628,83.85,83.958,84.79
PCU561510561510111            ,PCU561510561510111            ,"PPI industry data for Travel agencies-Domestic flight bookings, not seasonally adjusted",Index base: 1989.12 = 100,1989-M12,2022-M01,100.0,100.1,105.2,106.7,107.0,107.0,106.6,107.2,107.3,113.1,117.3,123.5,119.4,118.6,120.1,114.8,122.2,120.5,118.2,119.0,119.9,118.3,119.0,124.3,128.3,130.4,129.6,137.6,117.2,110.2,111.9,111.2,109.8,117.8,118.3,120.4,121.4,126.6,126.5,124.5,123.8,119.8,123.9,126.5,123.1,120.1,125.7,129.4,125.6,122.4,126.5,126.7,123.1,125.2,120.1,119.2,118.5,116.1,117.3,119.7,119.4,120.9,117.4,115.6,111.2,114.4,114.7,110.5,111.2,109.0,111.5,107.2,100.8,101.9,108.0,107.5,105.0,106.1,106.9,107.2,108.0,110.9,110.5,106.5,106.1,107.2,111.8,116.8,112.2,110.5,111.0,111.2,109.0,108.5,106.3,108.1,101.0,102.7,103.8,106.0,106.1,106.2,105.8,106.1,105.1,105.5,103.7,104.4,103.8,104.5,105.7,107.3,107.2,107.7,111.1,110.3,112.1,111.4,94.4,104.5,102.4,103.6,107.5,125.7,125.3,125.4,129.4,128.1,129.4,128.3,129.0,131.0,130.4,131.2,129.8,132.0,132.6,133.2,134.8,133.6,133.8,110.9,111.7,115.8,115.1,112.7,112.4,113.5,113.8,116.0,114.6,114.9,116.5,112.4,112.5,112.5,112.5,112.1,112.3,111.1,111.0,109.5,109.5,109.9,109.9,109.9,109.9,110.3,105.1,106.4,105.4,105.4,106.6,106.8,104.9,100.2,101.2,100.9,101.1,100.8,102.6,101.4,101.5,104.1,104.0,104.0,98.7,98.8,101.8,100.4,102.1,102.2,103.8,103.2,103.2,103.2,100.7,100.6,101.1,100.4,100.1,100.1,104.9,104.9,105.0,104.9,105.2,106.3,106.3,107.2,107.2,107.2,106.6,107.5,107.7,103.5,103.0,103.4,103.4,103.4,103.4,103.4,103.4,103.6,103.6,103.6,103.6,103.6,103.6,103.6,103.6,103.6,100.7,100.7,92.4,92.4,92.4,92.4,92.4,92.4,92.4,92.4,95.5,95.5,95.5,95.5,95.5,95.5,95.5,95.5,95.5,95.5,95.5,95.5,95.5,95.5,95.5,95.5,95.5,95.5,95.5,95.5,95.5,95.5,95.5,95.5,94.7,94.9,93.9,92.9,92.1,92.3,92.9,91.5,89.5,87.3,86.9,91.7,94.3,95.9,93.1,93.0,96.6,99.8,100.4,100.8,101.0,101.3,101.4,102.4,102.0,106.4,108.0,107.2,105.9,107.1,104.3,110.3,103.4,102.6,98.1,98.5,98.2,96.4,96.9,96.1,95.3,92.9,93.8,94.7,94.8,93.2,91.7,90.4,91.0,91.3,88.1,88.0,87.4,84.8,85.1,85.2,98.0,97.9,97.9,89.4,89.4,89.3,93.0,92.7,92.3,76.4,76.2,75.9,91.4,91.5,91.5,96.3,96.4,96.9,92.7,92.7,92.4,89.2,89.9,90.0,92.7,92.0,91.9,90.5,90.8,91.0,94.6,94.3,94.0,102.3,102.4,102.2,99.7,99.6,99.9,81.3,81.5,81.6,82.3,81.8,80.5,93.3,93.4,93.4,94.1,94.0,93.9,76.8,76.8,76.7,76.3,76.3,76.3,68.679,68.608,68.737,69.13,69.433,69.319,69.423
PCU561510561510112            ,PCU561510561510112            ,"PPI industry data for Travel agencies-International flight bookings, not seasonally adjusted",Index base: 1989.12 = 100,1989-M12,2022-M01,100.0,100.3,99.9,108.3,108.4,119.7,122.0,126.6,125.5,118.9,113.7,122.5,124.6,113.7,122.1,126.4,129.7,129.4,132.1,133.4,142.9,126.5,121.0,119.8,118.5,114.5,113.3,118.9,133.7,123.9,125.3,123.5,121.7,116.2,117.5,110.7,111.7,105.8,106.8,112.2,116.3,127.8,132.1,131.1,126.8,119.7,114.8,119.0,119.1,116.2,119.0,122.6,126.0,130.7,130.4,133.8,132.5,124.0,121.3,118.9,123.1,118.4,123.0,124.0,117.2,126.8,126.6,124.9,118.8,120.0,114.4,115.4,116.6,113.2,118.2,119.2,121.6,128.7,129.9,131.1,131.1,128.7,132.9,134.4,133.5,131.4,131.2,133.2,133.3,141.6,144.6,131.0,130.9,132.8,128.5,129.9,130.2,129.1,128.0,129.8,124.3,125.0,132.4,132.6,134.7,134.4,133.9,98.2,98.1,98.1,97.9,97.9,99.0,98.4,98.4,101.6,100.6,100.6,98.9,72.1,73.0,72.2,67.4,74.0,71.3,67.6,67.6,68.6,73.1,73.2,73.6,71.9,72.0,71.9,71.9,74.7,73.5,75.1,73.6,72.2,74.3,72.3,70.5,70.1,70.3,70.2,70.3,70.3,60.3,60.3,61.1,61.4,58.9,57.8,55.5,55.5,55.5,55.9,59.0,58.2,58.2,58.6,58.6,56.5,56.5,56.5,56.5,57.7,57.2,56.9,58.1,58.1,59.7,59.4,58.8,62.4,62.5,62.5,59.4,60.0,59.0,56.9,57.4,58.2,60.0,59.9,60.0,62.6,62.7,62.5,61.1,60.4,60.2,61.4,61.3,61.3,59.5,58.3,58.9,59.9,59.4,57.4,57.0,57.0,57.4,61.3,61.3,61.7,63.2,62.0,62.8,62.8,61.1,60.3,61.4,62.0,62.5,60.1,60.1,60.1,60.1,60.1,60.1,60.1,60.1,66.3,66.3,66.3,66.3,66.3,66.3,66.3,66.0,66.0,66.0,66.0,66.0,66.0,66.0,66.0,66.0,66.0,68.5,68.5,68.5,68.5,68.5,68.5,68.5,68.5,68.5,68.5,68.5,68.5,68.5,68.5,68.5,68.5,68.5,68.5,68.5,68.5,68.5,68.5,68.5,69.0,68.9,69.0,69.2,68.9,69.2,69.4,69.2,69.3,68.6,69.9,69.9,70.7,71.4,70.7,71.1,70.5,70.5,71.1,71.2,71.5,70.7,70.9,70.9,71.5,71.8,70.7,70.9,71.1,71.2,71.6,71.4,71.7,71.0,70.8,70.4,71.6,71.6,70.5,70.7,70.1,70.1,70.5,70.5,70.4,69.8,69.8,69.9,70.1,70.3,69.4,69.7,69.4,69.1,69.5,69.8,69.9,69.6,69.6,70.1,70.6,70.9,69.9,70.1,70.0,69.6,69.9,70.5,70.1,69.8,70.0,70.4,70.3,70.9,70.5,70.7,70.8,70.5,71.0,71.1,70.6,70.5,70.5,71.1,71.6,71.9,70.7,71.1,70.9,70.8,71.9,72.2,71.9,70.7,71.0,71.1,72.4,72.4,71.2,70.5,69.8,70.6,70.5,71.7,71.0,69.3,69.2,69.5,69.5,69.2,68.3,68.6,70.0,69.8,70.133,70.818,71.566,70.03,70.142,70.359,71.417
PCU5615105615102              ,PCU5615105615102              ,"PPI industry data for Travel agencies-Other travel agency services, except flight bookings, not seasonally adjusted",Index base: 1989.12 = 100,1989-M12,2022-M01,100.0,101.1,102.3,102.3,100.3,99.7,99.3,99.9,99.7,98.7,99.3,101.0,101.3,102.7,102.5,101.7,102.4,101.4,99.4,97.6,97.5,99.0,98.9,100.1,100.7,102.6,104.6,104.4,102.4,100.8,102.4,104.1,104.1,104.4,103.4,104.8,106.4,106.1,105.3,103.8,101.0,100.3,100.6,100.6,101.1,99.6,100.7,101.6,106.2,106.2,105.0,105.8,106.6,105.9,105.0,105.0,105.7,101.9,104.2,102.8,103.7,107.5,109.4,109.8,109.4,108.3,106.4,106.9,106.9,104.3,106.9,107.8,110.0,112.1,114.5,114.6,114.8,113.5,105.9,105.3,104.0,101.8,103.4,100.1,102.5,105.2,108.2,119.3,117.3,120.5,116.5,116.2,121.2,124.1,121.5,120.9,122.0,122.6,122.4,123.2,125.7,125.4,126.2,124.1,123.5,124.3,123.9,120.8,129.6,133.8,134.9,136.2,137.1,137.6,137.7,142.1,146.0,148.8,150.2,154.6,152.3,153.9,153.5,154.8,162.1,163.2,161.7,160.6,166.6,160.3,160.7,161.4,154.6,162.0,165.1,165.4,171.0,165.5,162.1,160.7,164.8,154.1,157.1,146.9,150.8,164.3,153.7,161.7,164.0,158.7,158.1,159.0,157.9,155.4,158.6,159.0,158.5,159.4,159.4,159.7,159.2,160.4,159.2,159.3,157.4,157.6,158.0,157.5,161.9,158.2,157.7,157.8,156.2,156.3,154.5,150.6,148.5,148.1,152.9,151.1,152.5,149.7,147.3,148.8,151.5,151.6,153.6,152.9,153.8,152.1,153.8,153.0,155.2,156.1,156.1,156.2,159.1,161.4,167.5,161.8,160.0,159.9,167.9,167.2,158.1,159.5,158.5,158.5,159.2,159.2,159.8,159.0,160.0,159.9,163.5,163.2,158.8,156.3,156.3,156.3,156.3,156.3,156.3,156.3,156.3,159.3,159.3,159.3,159.3,159.3,160.4,161.5,157.9,157.9,157.9,158.5,157.4,157.4,157.5,156.5,156.3,156.5,159.2,159.3,159.3,159.4,159.8,159.8,159.5,159.3,159.6,159.5,159.4,159.4,159.5,159.7,159.5,159.5,159.5,159.6,159.6,162.8,162.8,162.8,162.7,160.8,158.7,159.1,157.9,160.9,163.3,163.2,164.7,167.2,167.8,165.7,162.3,163.2,161.9,161.9,158.1,159.2,161.3,164.2,162.4,163.1,165.0,162.9,163.7,158.5,154.2,152.5,158.0,159.2,158.1,160.7,162.5,162.9,161.9,159.4,159.1,158.0,159.8,161.2,165.0,165.1,164.5,163.5,164.8,165.8,168.5,168.5,166.4,161.3,164.3,164.0,164.3,163.6,167.1,168.2,167.8,166.1,164.2,162.7,162.0,161.4,160.8,163.2,164.9,167.2,167.0,168.1,169.4,168.4,166.0,163.3,162.7,159.2,160.4,161.7,164.2,165.4,166.1,165.7,166.3,167.3,166.0,165.0,163.8,164.3,165.6,168.2,170.6,173.7,174.2,172.9,170.0,167.2,163.6,162.1,159.3,156.6,156.8,159.9,157.4,152.2,146.3,145.9,149.0,149.4,149.2,147.7,150.3,152.7,153.4,152.7,155.1,157.3,158.9,163.396,163.088,164.011,160.901,159.739,157.6,158.808
PCU561510561510211            ,PCU561510561510211            ,"PPI industry data for Travel agencies-Hotel and car rental bookings, not seasonally adjusted",Index base: 1989.12 = 100,1989-M12,2022-M01,100.0,105.0,103.0,102.7,102.2,104.1,104.1,103.8,103.2,103.2,104.2,106.7,106.7,110.1,110.2,111.3,112.5,109.6,109.9,106.8,105.3,105.1,105.1,106.1,106.1,108.6,107.4,107.8,107.8,106.3,107.0,106.7,106.7,106.9,106.9,107.1,107.4,107.9,107.9,107.9,107.6,108.0,107.3,108.6,108.6,109.0,116.1,115.7,115.7,116.8,111.9,113.1,115.7,115.2,115.2,115.2,114.0,114.3,114.2,112.0,112.0,107.0,109.1,116.7,117.9,118.2,118.2,118.9,120.1,115.8,115.8,115.8,116.5,116.5,116.5,118.8,116.5,113.7,113.7,111.8,112.4,110.0,109.1,103.7,109.1,110.1,109.9,109.9,107.5,111.6,115.3,125.3,119.9,123.6,110.5,113.8,113.4,113.5,119.8,122.8,121.7,123.0,124.5,124.5,123.9,125.3,124.6,125.2,146.5,144.9,147.8,149.2,149.5,149.8,150.0,150.0,165.5,165.4,165.7,163.6,163.5,167.9,166.1,167.1,185.5,186.4,186.8,185.4,186.7,188.0,187.6,189.3,168.6,165.4,164.9,164.9,175.6,172.9,174.0,166.0,166.5,165.4,169.7,151.6,151.5,163.2,164.2,164.6,168.9,169.3,170.4,170.4,168.8,168.7,176.8,176.8,175.9,175.9,175.9,176.6,174.1,174.1,174.1,174.7,171.2,171.4,171.6,170.1,180.6,172.0,170.3,170.3,166.9,167.8,163.4,155.5,154.3,154.6,161.1,162.8,165.3,157.8,150.8,156.5,160.7,161.0,165.8,162.6,163.2,159.6,164.4,165.4,168.5,169.9,169.9,169.7,178.1,181.6,185.1,173.7,170.4,171.1,189.3,187.5,166.0,170.9,167.2,167.2,170.9,170.9,174.0,169.9,175.5,175.5,189.5,188.1,164.8,160.4,160.4,160.4,160.4,160.4,160.4,160.4,160.4,176.1,176.1,176.1,176.1,176.1,176.1,176.1,164.4,164.4,164.4,167.7,161.8,161.8,162.0,156.8,155.8,156.8,157.3,157.8,157.7,158.3,160.5,160.6,159.0,157.6,159.5,158.9,158.3,158.2,158.9,160.0,158.7,158.6,158.9,159.3,159.3,159.6,159.6,159.4,159.2,154.1,151.0,150.5,150.2,152.1,156.8,156.2,159.0,162.5,162.9,161.2,156.7,157.6,153.4,153.6,149.1,150.7,154.4,158.4,155.0,156.8,158.6,152.4,153.3,142.9,139.6,136.6,141.1,139.8,135.4,141.1,145.7,151.0,150.1,145.6,143.7,142.4,150.0,154.6,159.3,154.2,150.1,148.7,151.9,156.3,160.6,160.5,155.5,146.1,151.3,152.3,152.8,151.0,149.4,152.7,152.6,153.1,150.4,150.7,149.8,150.1,150.8,152.1,149.6,148.1,146.3,147.5,148.7,150.1,148.7,148.3,146.5,145.8,146.2,147.7,148.9,153.0,153.6,156.9,158.0,157.6,153.1,152.4,151.6,153.9,154.3,156.5,154.1,153.4,152.0,151.2,150.4,149.0,146.3,145.5,142.8,134.4,134.0,136.5,134.6,134.1,137.1,146.9,144.8,144.4,131.8,133.1,129.4,138.4,140.2,142.2,151.0,150.8,150.8,161.771,161.593,159.272,151.35,152.449,154.031,156.876
PCU5615105615102111           ,PCU5615105615102111           ,"PPI industry data for Travel agencies-Hotel bookings, not seasonally adjusted",Index base: 2011.12 = 100,2011-M12,2022-M01,,,,,,,,,,,,,,,,,,,,,,,,,,,,,,,,,,,,,,,,,,,,,,,,,,,,,,,,,,,,,,,,,,,,,,,,,,,,,,,,,,,,,,,,,,,,,,,,,,,,,,,,,,,,,,,,,,,,,,,,,,,,,,,,,,,,,,,,,,,,,,,,,,,,,,,,,,,,,,,,,,,,,,,,,,,,,,,,,,,,,,,,,,,,,,,,,,,,,,,,,,,,,,,,,,,,,,,,,,,,,,,,,,,,,,,,,,,,,,,,,,,,,,,,,,,,,,,,,,,,,,,,,100.0,96.3,94.2,93.9,93.5,95.6,98.9,98.2,99.2,100.8,102.1,100.7,97.3,98.3,95.8,95.6,92.5,94.3,96.9,99.2,96.5,97.7,99.2,95.0,94.7,87.8,85.2,83.7,86.5,85.9,83.6,87.1,89.7,93.5,93.3,90.2,88.5,87.6,90.9,93.9,96.9,94.2,91.7,90.1,91.7,94.8,98.5,98.1,93.8,87.7,91.3,91.9,92.4,91.3,90.8,92.6,92.6,92.9,91.3,91.5,90.7,91.0,91.3,92.4,91.0,90.2,89.0,88.8,89.4,90.6,90.1,89.6,88.4,89.4,90.1,90.9,92.5,95.7,96.3,96.0,96.3,95.7,92.8,91.4,90.8,93.3,94.1,95.3,94.6,94.2,93.9,93.2,92.7,92.4,90.0,88.9,86.6,82.5,82.0,83.9,84.2,87.5,88.5,91.4,89.6,89.9,84.0,85.7,83.6,87.7,89.6,91.5,96.0,95.0,94.3,101.715,101.683,100.887,96.619,96.891,97.735,101.124
PCU5615105615102112           ,PCU5615105615102112           ,"PPI industry data for Travel agencies-Car rental bookings, not seasonally adjusted",Index base: 2011.12 = 100,2011-M12,2022-M01,,,,,,,,,,,,,,,,,,,,,,,,,,,,,,,,,,,,,,,,,,,,,,,,,,,,,,,,,,,,,,,,,,,,,,,,,,,,,,,,,,,,,,,,,,,,,,,,,,,,,,,,,,,,,,,,,,,,,,,,,,,,,,,,,,,,,,,,,,,,,,,,,,,,,,,,,,,,,,,,,,,,,,,,,,,,,,,,,,,,,,,,,,,,,,,,,,,,,,,,,,,,,,,,,,,,,,,,,,,,,,,,,,,,,,,,,,,,,,,,,,,,,,,,,,,,,,,,,,,,,,,,,100.0,100.7,100.0,99.8,101.5,94.8,95.4,97.2,105.4,111.8,103.6,105.3,107.4,104.2,100.8,103.4,102.3,97.6,97.1,101.7,104.3,105.0,102.8,101.5,108.7,104.7,107.0,102.5,105.3,103.0,96.7,100.7,105.6,105.3,101.7,101.4,104.3,103.8,120.3,122.4,125.0,117.9,114.2,119.2,124.1,124.9,119.8,121.7,128.2,123.7,123.9,125.1,124.1,122.5,118.1,122.1,121.5,121.6,119.2,120.0,120.4,120.2,121.5,120.4,117.3,114.6,114.9,122.1,124.9,122.8,119.1,121.0,120.5,113.0,111.1,112.4,109.6,108.8,108.5,122.1,125.2,126.4,123.5,127.7,127.7,124.1,121.9,124.3,118.8,118.1,114.2,114.7,113.8,110.2,111.9,114.1,114.8,103.7,104.7,104.3,96.0,77.7,84.3,107.2,108.1,105.1,86.1,82.8,79.3,92.9,90.3,88.7,100.0,104.3,107.7,112.694,112.173,107.283,98.24,101.075,102.921,96.997
PCU561510561510222            ,PCU561510561510222            ,"PPI industry data for Travel agencies-Cruise and tour bookings, not seasonally adjusted",Index base: 2002.06 = 100,2002-M06,2022-M01,,,,,,,,,,,,,,,,,,,,,,,,,,,,,,,,,,,,,,,,,,,,,,,,,,,,,,,,,,,,,,,,,,,,,,,,,,,,,,,,,,,,,,,,,,,,,,,,,,,,,,,,,,,,,,,,,,,,,,,,,,,,,,,,,,,,,,,,,,,,,,,,,,,,,,,100.0,101.1,100.6,96.7,96.3,96.9,96.9,98.2,98.2,98.3,99.2,100.9,99.1,98.8,98.2,98.5,99.0,99.0,99.0,98.8,99.2,99.3,99.1,98.7,98.7,97.9,96.3,95.6,99.8,98.7,99.2,99.9,100.6,99.3,100.7,100.6,100.6,101.6,102.5,102.4,101.8,99.9,101.3,101.7,101.7,102.0,101.1,102.4,102.2,101.1,100.4,99.7,100.1,100.1,100.2,100.6,100.3,100.3,100.4,100.4,100.4,100.4,100.4,100.4,101.4,101.3,101.3,99.6,99.6,99.6,99.6,99.6,99.6,99.6,99.6,99.6,99.6,99.6,99.6,99.6,100.8,102.0,100.5,100.5,100.5,100.5,100.5,100.5,100.5,100.5,100.5,100.5,100.5,100.5,100.5,100.5,100.5,100.5,100.5,100.5,100.5,100.5,100.5,100.5,100.5,100.5,100.5,100.5,100.5,100.5,100.5,103.9,103.9,103.9,103.9,103.9,102.3,103.4,101.6,105.5,106.4,106.6,107.4,109.4,110.0,107.6,104.8,105.7,106.3,106.2,102.6,103.5,104.6,106.8,106.1,106.3,108.4,109.0,109.6,107.7,102.4,101.5,103.3,106.3,107.0,107.7,107.7,104.8,103.7,102.4,103.1,102.1,100.1,99.4,102.8,106.5,108.2,107.4,107.5,106.3,107.9,108.0,107.7,105.2,106.9,105.8,105.9,105.9,112.8,112.4,111.8,108.4,106.9,104.1,103.6,102.3,100.7,104.1,108.7,113.7,114.6,113.9,113.4,110.6,109.4,106.8,105.1,102.0,105.1,107.7,113.5,114.5,115.9,113.1,113.9,116.8,115.9,113.6,110.9,111.0,114.1,119.8,127.5,136.2,138.1,135.3,127.9,121.4,113.3,108.1,102.3,99.8,100.8,107.4,101.8,88.6,71.1,64.5,74.0,75.3,81.9,77.2,86.0,87.3,88.3,85.1,86.6,92.5,96.8,102.364,101.649,105.408,101.688,97.992,91.439,93.016
PCU5615105615102221           ,PCU5615105615102221           ,"PPI industry data for Travel agencies-Cruise bookings, not seasonally adjusted",Index base: 2011.12 = 100,2011-M12,2022-M01,,,,,,,,,,,,,,,,,,,,,,,,,,,,,,,,,,,,,,,,,,,,,,,,,,,,,,,,,,,,,,,,,,,,,,,,,,,,,,,,,,,,,,,,,,,,,,,,,,,,,,,,,,,,,,,,,,,,,,,,,,,,,,,,,,,,,,,,,,,,,,,,,,,,,,,,,,,,,,,,,,,,,,,,,,,,,,,,,,,,,,,,,,,,,,,,,,,,,,,,,,,,,,,,,,,,,,,,,,,,,,,,,,,,,,,,,,,,,,,,,,,,,,,,,,,,,,,,,,,,,,,,,100.0,97.7,96.8,96.1,93.6,99.9,104.6,105.4,106.8,111.6,110.6,106.2,98.9,103.9,103.6,101.4,92.5,97.8,105.2,110.7,108.1,106.5,110.2,109.3,109.0,98.5,96.8,87.5,93.6,95.9,98.5,99.7,98.7,94.5,92.9,92.7,94.9,94.2,92.8,91.3,91.6,94.3,95.0,96.2,98.0,98.4,98.3,99.6,98.7,99.3,99.5,99.5,103.7,107.3,115.2,114.8,114.7,112.6,111.2,108.7,108.1,103.6,99.1,102.0,109.1,117.1,119.4,117.1,115.9,111.7,111.4,108.5,107.0,104.4,105.3,107.7,113.1,117.2,119.1,119.3,120.1,115.3,113.4,106.0,104.4,103.8,107.3,112.7,115.6,118.8,118.0,116.8,116.2,114.7,111.9,107.8,105.2,102.1,104.7,110.7,104.1,88.2,74.0,69.2,79.7,80.7,84.6,83.1,89.5,91.8,92.4,91.3,87.3,89.0,96.8,114.071,119.457,119.052,107.741,102.212,96.625,95.869
PCU5615105615102222           ,PCU5615105615102222           ,"PPI industry data for Travel agencies-Packaged tour bookings, not seasonally adjusted",Index base: 2011.12 = 100,2011-M12,2022-M01,,,,,,,,,,,,,,,,,,,,,,,,,,,,,,,,,,,,,,,,,,,,,,,,,,,,,,,,,,,,,,,,,,,,,,,,,,,,,,,,,,,,,,,,,,,,,,,,,,,,,,,,,,,,,,,,,,,,,,,,,,,,,,,,,,,,,,,,,,,,,,,,,,,,,,,,,,,,,,,,,,,,,,,,,,,,,,,,,,,,,,,,,,,,,,,,,,,,,,,,,,,,,,,,,,,,,,,,,,,,,,,,,,,,,,,,,,,,,,,,,,,,,,,,,,,,,,,,,,,,,,,,,100.0,101.4,99.6,101.7,100.4,102.5,101.1,100.9,101.1,101.2,102.9,101.8,102.2,100.3,101.5,102.7,102.7,100.8,97.8,97.8,98.4,99.7,100.6,102.1,103.3,106.9,99.7,104.2,103.1,106.4,105.8,106.1,106.8,104.9,104.1,102.3,102.0,100.9,98.6,98.5,103.6,107.8,110.0,108.0,107.0,104.8,107.4,106.8,106.9,102.6,105.1,103.3,100.8,98.5,104.3,104.0,103.1,99.1,97.6,94.8,94.3,95.2,95.6,99.1,101.7,104.6,104.5,104.8,104.8,103.1,101.4,99.2,97.4,94.3,98.3,100.9,106.4,105.7,106.8,102.7,103.5,110.2,109.8,110.3,107.3,107.6,110.4,115.8,125.5,136.5,139.8,136.2,125.9,117.2,106.9,101.3,94.3,92.3,92.3,98.8,94.2,83.1,65.1,58.0,66.4,67.7,75.3,69.3,78.8,79.4,80.6,76.5,80.7,88.4,90.6,89.798,85.974,91.648,92.09,89.576,82.941,85.624
PCU561510561510233            ,PCU561510561510233            ,"PPI industry data for Travel agencies-All other travel agency services, not seasonally adjusted",Index base: 2002.06 = 100,2002-M06,2022-M01,,,,,,,,,,,,,,,,,,,,,,,,,,,,,,,,,,,,,,,,,,,,,,,,,,,,,,,,,,,,,,,,,,,,,,,,,,,,,,,,,,,,,,,,,,,,,,,,,,,,,,,,,,,,,,,,,,,,,,,,,,,,,,,,,,,,,,,,,,,,,,,,,,,,,,,100.0,101.0,101.0,101.0,101.0,100.9,100.9,100.8,101.0,100.8,100.7,100.7,100.8,100.8,100.8,100.5,100.6,100.8,100.8,100.9,100.9,100.9,101.1,101.1,101.1,101.1,98.4,98.2,94.7,86.1,86.1,86.1,86.1,86.1,86.1,86.1,86.1,86.1,86.1,86.1,86.1,86.1,86.1,86.1,86.1,86.1,85.8,85.6,108.3,108.3,108.3,108.6,108.6,108.6,108.8,108.8,108.8,108.8,108.8,108.8,108.7,108.7,108.7,108.2,108.2,108.2,108.2,108.2,108.2,108.2,108.2,108.2,108.2,108.2,108.2,108.2,108.2,108.2,108.2,108.2,108.2,108.2,108.2,108.2,108.2,108.2,108.2,108.2,108.2,108.2,108.2,108.2,116.7,116.7,116.7,116.7,116.7,116.7,116.7,116.7,116.7,116.7,116.7,116.7,116.7,116.7,116.7,116.7,116.7,116.7,116.7,116.7,116.7,116.7,116.7,116.8,116.8,116.8,116.8,116.8,116.8,116.8,116.8,116.8,116.8,116.8,116.8,116.8,116.8,116.8,116.8,116.8,116.8,116.8,116.8,116.5,116.5,116.5,116.5,116.7,116.7,116.7,124.4,124.4,124.7,124.7,124.7,124.7,124.7,124.7,124.7,124.7,124.7,124.7,124.8,124.7,124.7,124.7,124.7,124.7,125.1,125.1,125.1,125.1,125.1,125.1,125.1,125.1,125.4,125.4,125.6,125.6,125.6,125.6,125.6,125.6,125.6,125.6,125.6,125.6,125.6,128.7,131.8,131.8,128.7,125.6,128.7,125.6,125.6,125.6,125.6,125.6,125.6,125.6,125.6,125.6,125.6,125.6,125.6,125.6,125.6,125.6,125.6,125.6,125.6,125.6,125.6,125.6,125.6,126.6,126.6,126.6,126.6,126.6,126.6,126.6,126.6,126.6,126.6,126.6,126.6,126.6,126.6,126.6,126.6,126.6,126.6,126.6,126.6,126.57,126.57,126.57,126.57,126.57,126.57,126.57
PCU561510561510P              ,PCU561510561510P              ,"PPI industry data for Travel agencies-Primary services, not seasonally adjusted",Index base: 1989.12 = 100,1989-M12,2022-M01,100.0,100.5,103.4,105.4,104.9,106.5,106.5,107.8,107.5,109.0,110.6,115.6,114.0,112.4,114.4,112.1,116.6,115.3,113.9,114.0,115.8,113.0,112.4,115.3,117.3,118.4,118.5,123.4,114.7,109.1,110.7,110.7,109.7,113.0,113.1,113.6,114.7,116.4,116.2,115.5,114.8,114.4,117.2,118.4,116.2,113.0,115.5,118.3,117.9,115.9,118.0,118.9,117.9,119.4,116.5,116.6,116.3,112.4,113.4,113.8,114.6,116.0,115.5,114.9,111.5,114.2,113.7,111.5,110.9,109.1,110.4,108.7,106.4,107.1,111.8,111.7,110.9,112.2,110.1,110.3,110.5,111.1,112.0,109.2,109.5,110.4,113.7,119.6,116.6,118.0,117.8,115.3,115.4,116.2,113.5,114.6,111.0,111.9,112.2,114.0,113.7,113.8,115.1,114.8,114.5,114.8,113.7,106.6,108.5,110.0,110.9,112.1,112.5,112.8,114.7,115.9,117.7,118.0,108.7,110.4,108.8,109.8,110.9,122.5,123.7,123.3,125.2,124.4,127.4,125.3,125.8,126.8,124.7,127.0,127.1,128.9,130.4,129.6,129.4,128.1,129.6,113.9,114.7,114.4,115.0,116.5,114.0,116.5,115.5,115.7,114.8,115.3,115.0,112.4,113.5,113.6,113.4,113.7,114.3,113.9,113.7,113.7,113.2,113.0,112.2,112.3,112.5,112.6,112.7,111.4,111.1,111.1,111.1,111.2,109.7,107.0,106.5,106.2,107.8,107.1,108.1,106.2,105.3,106.9,108.3,108.3,107.4,107.6,109.0,107.7,108.8,108.4,109.8,110.2,110.2,110.2,110.3,111.1,113.9,111.4,110.5,110.1,115.1,114.8,111.0,112.8,112.4,112.8,113.6,113.4,113.9,113.5,113.3,113.3,115.2,114.3,112.4,110.7,110.7,110.7,110.7,110.7,110.7,110.7,110.7,113.9,113.9,113.9,113.9,113.9,114.4,114.9,112.5,112.5,110.6,110.8,110.4,110.4,110.4,109.9,109.9,109.9,112.6,112.7,112.7,112.7,112.9,112.9,112.8,112.7,112.8,112.8,112.7,112.7,112.8,112.9,112.7,112.7,112.8,112.8,112.8,114.2,114.2,114.2,114.2,113.2,112.0,112.2,111.5,112.8,113.9,113.9,114.8,115.9,115.6,114.3,112.5,114.0,114.0,114.2,111.7,112.2,114.0,116.2,115.4,115.9,116.8,115.8,116.2,113.8,111.5,111.3,114.5,115.0,114.2,115.9,116.2,117.6,115.6,114.2,113.1,112.8,113.7,113.9,115.9,115.8,115.3,114.4,115.2,115.9,117.2,116.9,115.6,112.7,114.4,114.2,113.7,113.3,115.0,115.1,115.0,114.1,115.6,114.8,114.5,112.6,112.3,113.4,115.1,116.2,115.9,113.5,114.2,113.5,115.3,113.9,113.7,112.7,113.5,114.1,114.7,115.3,115.5,114.9,115.4,115.7,115.5,114.9,114.5,114.6,115.4,116.4,118.2,119.7,119.8,120.9,119.5,118.1,115.6,114.9,113.6,109.5,109.7,110.9,109.6,106.8,103.9,105.8,107.7,107.7,107.3,106.5,107.8,106.1,106.4,105.7,107.0,108.4,109.1,110.124,110.146,110.821,108.956,108.47,107.467,108.36
PCU561510561510SM             ,PCU561510561510SM             ,"PPI industry data for Travel agencies-Other receipts, not seasonally adjusted",Index base: 2002.06 = 100,2002-M06,2020-M01,,,,,,,,,,,,,,,,,,,,,,,,,,,,,,,,,,,,,,,,,,,,,,,,,,,,,,,,,,,,,,,,,,,,,,,,,,,,,,,,,,,,,,,,,,,,,,,,,,,,,,,,,,,,,,,,,,,,,,,,,,,,,,,,,,,,,,,,,,,,,,,,,,,,,,,100.0,100.0,100.3,100.3,100.3,100.3,100.3,100.3,100.3,100.3,100.3,100.3,100.3,100.3,100.3,100.3,100.3,100.3,100.3,100.3,100.3,100.3,100.3,100.3,100.3,100.3,100.3,100.3,100.3,100.3,100.3,100.3,100.3,100.3,100.3,100.3,100.3,100.3,100.3,100.3,100.3,100.3,115.0,115.0,115.0,115.0,115.0,115.5,115.5,115.5,115.5,115.5,115.3,115.3,115.5,115.5,115.5,115.5,115.5,115.5,115.5,115.5,115.5,115.5,115.5,115.5,115.5,115.5,,115.5,115.5,115.5,115.5,115.5,115.5,,,114.6,114.6,114.6,114.6,114.6,114.6,114.6,114.6,114.6,114.6,,,,,,,,,,,,,,,,,,,,,,,,,,,,,115.9,115.9,115.9,115.9,115.9,115.9,115.9,115.9,115.8,115.8,115.9,115.9,115.9,115.9,115.9,115.9,115.9,115.9,115.9,116.0,116.0,115.9,117.9,117.9,117.9,117.9,117.9,117.9,117.9,117.9,117.9,117.9,117.9,117.9,117.3,117.3,117.3,117.3,117.3,117.4,117.4,117.4,117.4,118.2,118.2,118.2,118.2,120.4,120.4,120.4,120.4,120.4,120.4,120.4,120.4,120.4,120.4,120.4,120.4,120.4,120.4,120.4,120.3,120.3,120.3,120.3,120.3,120.3,120.3,120.3,120.3,120.3,,,,,,,,,120.4,120.4,120.4,120.4,120.4,120.4,120.4,120.4,120.4,120.4,122.1,122.1,122.1,122.1,122.1,122.1,122.1,,,,,,,,,,,,,,,,,,,,,,,,
PCU561612561612               ,PCU561612561612               ,"PPI industry data for Security guards and patrol services, not seasonally adjusted",Index base: 2004.12 = 100,2004-M12,2022-M01,,,,,,,,,,,,,,,,,,,,,,,,,,,,,,,,,,,,,,,,,,,,,,,,,,,,,,,,,,,,,,,,,,,,,,,,,,,,,,,,,,,,,,,,,,,,,,,,,,,,,,,,,,,,,,,,,,,,,,,,,,,,,,,,,,,,,,,,,,,,,,,,,,,,,,,,,,,,,,,,,,,,,,,,,,,,,,,,,,,,,100.0,100.2,100.2,100.3,100.3,100.3,100.4,101.3,101.2,101.3,101.5,101.7,101.8,102.0,102.1,102.1,102.3,102.3,102.8,103.0,102.3,102.5,102.9,102.9,102.9,103.9,103.8,104.4,104.4,104.4,103.8,103.6,104.0,104.2,105.0,105.2,105.2,105.9,106.1,105.8,105.9,105.9,106.1,106.2,106.5,106.5,107.5,107.6,107.4,108.5,108.4,108.1,108.2,108.3,108.4,108.4,108.6,108.5,108.3,108.2,108.3,108.3,108.6,108.4,108.3,108.4,108.5,108.5,108.3,108.2,108.2,108.3,108.5,108.6,108.6,108.7,108.7,108.7,108.7,108.7,109.0,109.0,109.2,109.2,109.2,109.3,109.2,109.2,109.1,109.2,109.2,109.2,109.6,109.6,109.7,109.9,110.0,110.3,109.5,109.5,109.7,109.6,109.7,109.9,109.8,110.2,110.3,110.2,110.4,110.4,110.9,111.0,111.2,111.6,111.5,111.6,112.1,112.3,112.5,112.8,112.6,112.9,113.6,113.5,113.5,114.1,114.0,113.9,113.4,113.5,115.1,115.3,114.0,115.7,115.8,115.6,116.0,116.5,116.6,116.6,117.0,116.9,117.3,117.1,118.1,118.3,118.2,118.3,118.4,118.8,119.6,119.6,119.4,119.6,119.5,119.7,120.0,121.7,121.3,121.2,121.4,121.8,121.5,122.0,122.0,122.2,122.4,122.5,122.5,125.1,125.9,126.1,126.6,126.6,126.5,127.0,127.1,127.0,126.9,126.9,128.0,128.7,128.8,129.5,131.3,131.6,131.8,131.8,132.0,132.4,132.6,133.9,132.9,133.9,134.0,134.2,135.9,135.8,136.0,136.306,137.743,139.114,139.895,139.851,140.505,142.086
PCU5616125616121              ,PCU5616125616121              ,"PPI industry data for Security guards and patrol services-Security guard services, not seasonally adjusted",Index base: 2004.12 = 100,2004-M12,2022-M01,,,,,,,,,,,,,,,,,,,,,,,,,,,,,,,,,,,,,,,,,,,,,,,,,,,,,,,,,,,,,,,,,,,,,,,,,,,,,,,,,,,,,,,,,,,,,,,,,,,,,,,,,,,,,,,,,,,,,,,,,,,,,,,,,,,,,,,,,,,,,,,,,,,,,,,,,,,,,,,,,,,,,,,,,,,,,,,,,,,,,100.0,100.2,100.3,100.3,100.3,100.4,100.4,101.3,101.3,101.4,101.6,101.7,101.9,102.1,102.2,102.2,102.4,102.4,102.9,103.1,102.4,102.6,103.0,103.0,103.0,104.1,104.0,104.5,104.5,104.5,103.9,103.7,104.1,104.3,105.2,105.3,105.3,106.0,106.2,106.0,106.0,106.1,106.2,106.4,106.4,106.4,107.4,107.4,107.2,108.4,108.2,107.9,108.0,108.2,108.2,108.2,108.4,108.3,108.1,108.1,108.2,108.1,108.4,108.2,108.2,108.3,108.4,108.4,108.1,108.0,108.1,108.1,108.4,108.4,108.4,108.5,108.5,108.5,108.6,108.5,108.8,108.8,109.0,109.1,109.1,109.1,109.1,109.0,109.0,109.0,109.0,109.0,109.5,109.5,109.5,109.7,109.8,110.2,109.3,109.3,109.5,109.5,109.5,109.8,109.7,110.0,110.2,110.0,110.3,110.2,110.8,110.9,111.1,111.5,111.4,111.5,112.0,112.2,112.4,112.7,112.5,112.8,113.4,113.4,113.4,114.0,113.8,113.7,113.2,113.4,114.9,115.2,113.8,115.6,115.6,115.5,115.8,116.3,116.5,116.5,116.9,116.8,117.1,117.0,117.9,118.2,118.1,118.1,118.2,118.6,119.4,119.4,119.3,119.5,119.3,119.6,119.8,121.6,121.1,121.1,121.3,121.6,121.3,121.8,121.8,122.1,122.2,122.4,122.3,124.9,125.7,125.9,126.4,126.4,126.4,126.9,127.0,126.9,126.8,126.8,127.9,128.5,128.6,129.3,131.1,131.4,131.7,131.6,131.8,132.2,132.4,133.7,132.7,133.8,133.9,134.0,135.7,135.6,135.8,136.141,137.577,138.946,139.725,139.682,140.335,141.914
PCU561612561612P              ,PCU561612561612P              ,"PPI industry data for Security guards and patrol services-Primary services, not seasonally adjusted",Index base: 2004.12 = 100,2004-M12,2022-M01,,,,,,,,,,,,,,,,,,,,,,,,,,,,,,,,,,,,,,,,,,,,,,,,,,,,,,,,,,,,,,,,,,,,,,,,,,,,,,,,,,,,,,,,,,,,,,,,,,,,,,,,,,,,,,,,,,,,,,,,,,,,,,,,,,,,,,,,,,,,,,,,,,,,,,,,,,,,,,,,,,,,,,,,,,,,,,,,,,,,,100.0,100.2,100.3,100.3,100.3,100.4,100.4,101.3,101.3,101.4,101.6,101.7,101.9,102.1,102.2,102.2,102.4,102.4,102.9,103.1,102.4,102.6,103.0,103.0,103.0,104.1,104.0,104.5,104.5,104.5,103.9,103.7,104.1,104.3,105.2,105.3,105.3,106.0,106.2,106.0,106.0,106.1,106.2,106.4,106.4,106.4,107.4,107.4,107.2,108.4,108.2,107.9,108.0,108.2,108.2,108.2,108.4,108.3,108.1,108.1,108.2,108.1,108.4,108.2,108.2,108.3,108.4,108.4,108.1,108.0,108.1,108.1,108.4,108.4,108.4,108.5,108.5,108.5,108.6,108.5,108.8,108.8,109.0,109.1,109.1,109.1,109.1,109.0,109.0,109.0,109.0,109.0,109.5,109.5,109.5,109.7,109.8,110.2,109.3,109.3,109.5,109.5,109.5,109.8,109.7,110.0,110.2,110.0,110.3,110.2,110.8,110.9,111.1,111.5,111.4,111.5,112.0,112.2,112.4,112.7,112.5,112.8,113.4,113.4,113.4,114.0,113.8,113.7,113.2,113.4,114.9,115.2,113.8,115.6,115.6,115.5,115.8,116.3,116.5,116.5,116.9,116.8,117.1,117.0,117.9,118.2,118.1,118.1,118.2,118.6,119.4,119.4,119.3,119.5,119.3,119.6,119.8,121.6,121.1,121.1,121.3,121.6,121.3,121.8,121.8,122.1,122.2,122.4,122.3,124.9,125.7,125.9,126.4,126.4,126.4,126.9,127.0,126.9,126.8,126.8,127.9,128.5,128.6,129.3,131.1,131.4,131.7,131.6,131.8,132.2,132.4,133.7,132.7,133.8,133.9,134.0,135.7,135.6,135.8,136.141,137.577,138.946,139.725,139.682,140.335,141.914
PCU56172-56172-               ,PCU56172-56172-               ,"PPI industry data for Janitorial services, not seasonally adjusted",Index base: 2003.12 = 100,2003-M12,2022-M01,,,,,,,,,,,,,,,,,,,,,,,,,,,,,,,,,,,,,,,,,,,,,,,,,,,,,,,,,,,,,,,,,,,,,,,,,,,,,,,,,,,,,,,,,,,,,,,,,,,,,,,,,,,,,,,,,,,,,,,,,,,,,,,,,,,,,,,,,,,,,,,,,,,,,,,,,,,,,,,,,,,,,,,,,100.0,100.3,100.3,100.4,100.5,100.6,101.0,101.0,101.1,100.9,101.4,101.4,101.4,101.7,101.8,101.8,102.0,101.9,101.9,101.6,101.8,101.9,101.8,102.0,102.1,102.4,102.6,102.6,103.3,103.6,103.7,103.8,104.2,104.3,104.6,104.8,104.8,105.1,105.1,105.3,105.3,105.4,105.4,105.5,105.5,106.8,106.9,107.1,108.7,108.9,109.1,108.9,108.9,109.0,109.1,109.0,109.3,109.4,109.4,109.4,109.1,109.6,109.7,109.8,109.7,109.7,109.7,110.1,110.1,110.5,110.3,110.5,110.5,110.6,110.2,110.4,110.5,110.6,110.6,110.8,110.8,111.0,110.9,111.3,111.3,111.6,111.7,111.5,111.5,111.9,112.0,112.5,112.5,113.5,113.5,113.5,113.5,113.7,113.6,113.6,113.6,113.8,113.8,113.7,113.8,113.6,113.4,114.0,113.9,114.3,114.3,114.2,114.4,114.7,114.7,115.0,115.0,115.2,115.2,115.4,115.5,115.7,115.8,115.7,117.5,117.4,117.4,117.5,117.6,117.8,117.7,117.8,117.7,117.7,117.9,117.8,119.5,119.8,119.7,119.6,119.7,119.8,119.8,119.9,119.9,120.3,120.4,120.2,120.7,120.7,120.8,120.8,120.9,121.0,121.0,121.1,121.1,121.5,121.4,121.2,121.2,121.4,121.4,121.3,121.3,121.4,121.4,121.5,121.5,121.7,121.6,122.0,122.0,122.0,122.0,122.1,121.7,121.8,121.8,121.8,121.8,121.8,121.9,121.9,121.9,122.3,122.8,122.9,122.9,122.8,123.1,123.2,123.0,123.2,123.2,123.0,123.0,123.1,123.1,123.0,123.0,123.3,123.3,123.3,123.2,123.4,123.4,123.3,123.5,124.5,124.6,125.528,125.484,125.996,126.247,126.551,129.637,131.978
PCU561720561720               ,PCU561720561720               ,"PPI industry data for Janitorial services, not seasonally adjusted",Index base: 1994.12 = 100,1994-M12,2022-M01,,,,,,,,,,,,,,,,,,,,,,,,,,,,,,,,,,,,,,,,,,,,,,,,,,,,,,,,,,,,,100.0,99.6,99.6,100.5,101.2,101.3,101.2,101.3,101.3,101.4,101.6,101.4,101.6,101.7,101.4,101.6,101.6,101.6,102.0,102.0,102.8,103.3,103.5,103.6,103.6,103.8,103.8,103.7,104.3,104.1,104.2,104.3,105.1,105.2,105.4,105.4,105.1,105.2,105.3,105.3,105.3,105.3,105.3,105.5,105.7,105.9,105.9,106.3,106.3,106.6,106.6,106.6,106.5,107.9,108.7,108.9,108.9,108.8,108.9,109.1,109.1,109.8,110.0,110.0,110.0,110.0,110.0,110.5,112.3,113.1,113.5,113.5,113.4,114.0,114.1,114.1,114.1,116.8,117.1,117.3,117.5,117.5,117.5,117.5,117.6,117.7,117.8,117.7,117.7,117.7,117.6,118.0,117.9,117.6,117.5,117.8,118.0,118.1,118.0,117.6,117.8,117.9,117.7,117.3,117.5,118.3,118.4,118.3,118.3,118.6,118.7,118.8,118.9,119.0,119.4,119.4,119.6,119.4,119.9,119.9,120.0,120.3,120.4,120.5,120.6,120.6,120.6,120.2,120.5,120.5,120.5,120.6,120.8,121.2,121.3,121.4,122.2,122.6,122.7,122.8,123.3,123.4,123.7,123.9,124.0,124.3,124.3,124.6,124.6,124.6,124.7,124.8,124.8,126.4,126.5,126.7,128.6,128.8,129.0,128.8,128.8,128.9,129.0,129.0,129.4,129.4,129.4,129.4,129.0,129.6,129.8,129.9,129.7,129.8,129.8,130.3,130.3,130.7,130.4,130.7,130.7,130.8,130.4,130.6,130.7,130.8,130.8,131.0,131.1,131.3,131.2,131.7,131.7,132.0,132.1,131.9,131.9,132.4,132.4,133.1,133.1,134.3,134.3,134.3,134.3,134.5,134.4,134.4,134.4,134.6,134.6,134.5,134.6,134.4,134.2,134.8,134.8,135.2,135.2,135.1,135.3,135.6,135.7,136.0,136.1,136.3,136.3,136.5,136.7,136.9,137.0,136.9,139.0,138.9,138.9,139.0,139.1,139.3,139.2,139.3,139.3,139.3,139.5,139.4,141.4,141.7,141.6,141.5,141.6,141.7,141.8,141.8,141.8,142.3,142.4,142.2,142.8,142.8,142.9,142.9,143.1,143.1,143.1,143.3,143.3,143.7,143.6,143.4,143.4,143.6,143.6,143.5,143.5,143.6,143.6,143.7,143.7,144.0,143.8,144.3,144.3,144.4,144.3,144.4,143.9,144.1,144.1,144.1,144.1,144.1,144.2,144.2,144.2,144.7,145.3,145.4,145.4,145.3,145.6,145.7,145.5,145.8,145.8,145.5,145.5,145.6,145.6,145.5,145.4,145.8,145.9,145.9,145.8,145.9,145.9,145.9,146.1,147.3,147.4,148.491,148.438,149.044,149.342,149.7,153.352,156.121
PCU5617205617205              ,PCU5617205617205              ,"PPI industry data for Janitorial services-Janitorial cleaning services, not seasonally adjusted",Index base: 1994.12 = 100,1994-M12,2022-M01,,,,,,,,,,,,,,,,,,,,,,,,,,,,,,,,,,,,,,,,,,,,,,,,,,,,,,,,,,,,,100.0,99.5,99.5,100.4,101.3,101.4,101.3,101.3,101.3,101.4,101.5,101.3,101.5,101.6,101.3,101.4,101.4,101.4,101.8,101.9,102.7,103.3,103.4,103.5,103.5,103.7,103.7,103.6,104.2,104.2,104.3,104.4,105.2,105.3,105.5,105.6,105.2,105.3,105.4,105.4,105.4,105.4,105.4,105.6,105.7,105.9,106.0,106.4,106.4,106.7,106.7,106.7,106.6,108.0,108.9,109.1,109.0,109.0,109.1,109.3,109.3,110.0,110.1,110.1,110.1,110.1,110.1,110.6,112.5,113.4,113.8,113.8,113.7,114.3,114.4,114.4,114.4,117.3,117.5,117.8,117.9,118.0,117.9,118.0,118.1,118.1,118.1,118.0,118.1,118.1,117.9,118.4,118.2,118.0,117.9,118.2,118.3,118.5,118.3,117.9,118.1,118.3,118.0,117.7,117.9,118.7,118.8,118.7,118.7,119.0,119.0,119.1,119.2,119.2,119.6,119.6,119.8,119.6,120.1,120.1,120.1,120.4,120.6,120.6,120.7,120.6,120.6,120.2,120.5,120.6,120.5,120.6,120.9,121.2,121.4,121.5,122.1,122.5,122.7,122.7,123.3,123.4,123.7,124.0,124.0,124.4,124.4,124.7,124.7,124.8,124.8,124.9,124.9,126.6,126.7,126.9,128.6,128.8,129.0,128.8,128.8,128.9,129.0,129.0,129.4,129.4,129.4,129.4,129.0,129.5,129.7,129.7,129.6,129.6,129.7,130.2,130.2,130.6,130.3,130.6,130.6,130.7,130.3,130.5,130.6,130.7,130.7,130.9,131.0,131.2,131.1,131.4,131.4,131.7,131.8,131.6,131.6,132.1,132.2,132.8,132.8,134.0,134.0,134.0,134.0,134.2,134.1,134.1,134.1,134.3,134.3,134.3,134.3,134.1,133.9,134.5,134.5,134.9,134.9,134.8,135.0,135.4,135.5,135.9,136.0,136.2,136.2,136.4,136.6,136.8,136.9,136.8,139.0,138.8,138.8,139.0,139.1,139.3,139.2,139.3,139.3,139.3,139.5,139.4,141.4,141.7,141.6,141.5,141.7,141.8,141.8,141.9,141.9,142.4,142.5,142.3,142.9,142.9,143.1,143.1,143.2,143.3,143.3,143.5,143.5,144.0,143.9,143.7,143.7,143.9,143.9,143.8,143.8,143.9,143.9,144.0,144.0,144.3,144.1,144.6,144.6,144.6,144.5,144.7,144.1,144.3,144.3,144.3,144.3,144.3,144.4,144.4,144.4,144.9,145.5,145.7,145.6,145.5,145.8,145.9,145.7,146.0,146.0,145.8,145.8,145.8,145.8,145.7,145.7,146.1,146.1,146.2,146.0,146.2,146.2,146.1,146.3,147.6,147.7,148.884,148.829,149.466,149.779,150.157,154.0,156.913
PCU56172056172051             ,PCU56172056172051             ,"PPI industry data for Janitorial services-Nonresidential cleaning services, not seasonally adjusted",Index base: 2003.06 = 100,2003-M06,2022-M01,,,,,,,,,,,,,,,,,,,,,,,,,,,,,,,,,,,,,,,,,,,,,,,,,,,,,,,,,,,,,,,,,,,,,,,,,,,,,,,,,,,,,,,,,,,,,,,,,,,,,,,,,,,,,,,,,,,,,,,,,,,,,,,,,,,,,,,,,,,,,,,,,,,,,,,,,,,,,,,,,,,100.0,99.7,99.9,100.0,100.0,100.0,99.9,100.2,100.2,100.3,100.4,100.5,100.7,100.6,100.7,100.6,101.0,101.0,100.9,101.2,101.4,101.4,101.4,101.4,101.4,101.0,101.3,101.4,101.3,101.3,101.5,101.9,101.9,102.0,102.6,102.9,103.0,103.1,103.0,103.1,103.1,103.1,103.1,103.4,103.4,103.7,103.7,103.8,103.8,103.9,103.9,105.5,105.6,105.8,107.3,107.6,107.7,107.5,107.5,107.6,107.6,107.6,107.9,107.9,107.8,107.9,107.5,107.9,108.1,108.2,108.0,108.1,108.1,108.6,108.5,108.9,108.7,108.9,108.9,109.0,108.7,108.8,108.9,109.0,109.0,109.2,109.3,109.5,109.4,109.6,109.6,109.9,110.0,109.8,109.8,110.0,110.0,110.6,110.6,111.2,111.3,111.3,111.2,111.4,111.4,111.3,111.4,111.5,111.6,111.5,111.5,111.4,111.2,111.8,111.8,112.1,112.1,112.0,112.2,112.6,112.6,113.0,113.1,113.2,113.3,113.5,113.5,113.7,113.8,113.7,115.1,115.2,115.2,115.4,115.5,115.5,115.5,115.5,115.5,115.5,115.7,115.6,117.1,117.3,117.2,117.2,117.3,117.4,117.5,117.5,117.5,117.9,118.0,117.9,118.4,118.4,118.6,118.6,118.7,118.8,118.8,119.0,119.0,119.4,119.3,119.1,119.1,119.3,119.3,119.2,119.2,119.3,119.3,119.4,119.4,119.7,119.5,120.0,120.0,120.0,119.9,120.0,119.5,119.7,119.7,119.7,119.7,119.7,119.8,119.7,119.7,120.0,120.6,120.7,120.6,120.5,120.8,120.9,120.7,121.0,121.0,120.8,120.8,120.8,120.8,120.8,120.8,121.2,121.2,121.2,121.1,121.2,121.2,120.9,121.1,122.3,122.4,122.75,122.699,123.209,123.497,123.845,127.382,129.878
PCU56172056172052             ,PCU56172056172052             ,"PPI industry data for Janitorial services-Residential cleaning services, not seasonally adjusted",Index base: 2003.06 = 100,2003-M06,2022-M01,,,,,,,,,,,,,,,,,,,,,,,,,,,,,,,,,,,,,,,,,,,,,,,,,,,,,,,,,,,,,,,,,,,,,,,,,,,,,,,,,,,,,,,,,,,,,,,,,,,,,,,,,,,,,,,,,,,,,,,,,,,,,,,,,,,,,,,,,,,,,,,,,,,,,,,,,,,,,,,,,,,100.0,100.0,100.0,106.8,106.8,106.8,106.8,106.4,106.4,106.4,106.4,106.4,107.7,108.4,109.0,109.0,110.0,110.0,110.0,110.0,110.0,110.0,110.0,110.0,109.8,109.8,109.8,109.8,110.1,110.8,110.8,110.8,112.2,112.2,112.2,112.2,112.8,112.7,118.2,118.6,121.7,125.0,125.0,125.0,125.0,125.0,125.0,125.1,125.1,125.1,125.1,125.1,125.1,125.1,125.1,125.1,125.7,125.7,125.7,125.7,126.5,126.5,127.2,127.2,127.7,127.7,127.7,127.7,127.7,127.7,127.7,127.7,127.7,127.7,127.7,127.7,128.0,128.0,128.0,128.0,128.0,128.1,128.1,128.1,128.1,128.1,128.1,128.1,128.1,128.7,128.7,128.7,128.7,128.7,128.7,131.4,131.4,131.5,131.5,136.0,136.0,136.0,136.0,136.0,136.0,136.0,136.0,136.0,136.0,136.0,136.0,136.0,136.0,136.0,136.0,136.0,136.0,136.0,136.0,136.0,136.0,136.0,136.0,136.0,136.0,136.0,137.4,137.4,137.4,137.4,145.8,142.2,142.2,142.2,142.2,143.6,143.6,143.6,143.6,143.6,143.6,143.6,148.3,148.3,148.3,148.3,148.3,148.3,148.3,148.3,148.3,148.3,148.3,148.3,148.3,148.3,148.3,148.3,148.3,148.3,148.3,148.3,148.3,148.3,148.3,148.3,148.3,148.3,148.3,148.3,148.3,148.3,148.3,148.3,148.3,148.3,148.3,148.3,148.3,148.3,148.3,148.3,148.3,148.3,148.3,148.3,148.3,148.3,148.3,148.3,148.3,150.5,151.3,151.3,151.3,151.3,151.3,151.3,151.3,151.3,151.3,151.3,151.3,151.3,151.3,150.2,150.2,150.2,150.2,150.2,150.2,151.1,151.4,153.5,153.5,153.5,153.5,161.447,161.447,162.31,162.31,162.31,162.31,164.417
PCU561720561720P              ,PCU561720561720P              ,"PPI industry data for Janitorial services-Primary services, not seasonally adjusted",Index base: 1994.12 = 100,1994-M12,2022-M01,,,,,,,,,,,,,,,,,,,,,,,,,,,,,,,,,,,,,,,,,,,,,,,,,,,,,,,,,,,,,100.0,99.5,99.5,100.4,101.3,101.4,101.3,101.3,101.3,101.4,101.5,101.3,101.5,101.6,101.3,101.4,101.4,101.4,101.8,101.9,102.7,103.3,103.4,103.5,103.5,103.7,103.7,103.6,104.2,104.2,104.3,104.4,105.2,105.3,105.5,105.6,105.2,105.3,105.4,105.4,105.4,105.4,105.4,105.6,105.7,105.9,106.0,106.4,106.4,106.7,106.7,106.7,106.6,108.0,108.9,109.1,109.0,109.0,109.1,109.3,109.3,110.0,110.1,110.1,110.1,110.1,110.1,110.6,112.5,113.4,113.8,113.8,113.7,114.3,114.4,114.4,114.4,117.3,117.5,117.8,117.9,118.0,117.9,118.0,118.1,118.1,118.1,118.0,118.1,118.1,117.9,118.4,118.2,118.0,117.9,118.2,118.3,118.5,118.3,117.9,118.1,118.3,118.0,117.7,117.9,118.7,118.8,118.7,118.7,119.0,119.0,119.1,119.2,119.2,119.6,119.6,119.8,119.6,120.1,120.1,120.1,120.4,120.6,120.6,120.7,120.6,120.6,120.2,120.5,120.6,120.5,120.6,120.9,121.2,121.4,121.5,122.1,122.5,122.7,122.7,123.3,123.4,123.7,124.0,124.0,124.4,124.4,124.7,124.7,124.8,124.8,124.9,124.9,126.6,126.7,126.9,128.6,128.8,129.0,128.8,128.8,128.9,129.0,129.0,129.4,129.4,129.4,129.4,129.0,129.5,129.7,129.7,129.6,129.6,129.7,130.2,130.2,130.6,130.3,130.6,130.6,130.7,130.3,130.5,130.6,130.7,130.7,130.9,131.0,131.2,131.1,131.4,131.4,131.7,131.8,131.6,131.6,132.1,132.2,132.8,132.8,134.0,134.0,134.0,134.0,134.2,134.1,134.1,134.1,134.3,134.3,134.3,134.3,134.1,133.9,134.5,134.5,134.9,134.9,134.8,135.0,135.4,135.5,135.9,136.0,136.2,136.2,136.4,136.6,136.8,136.9,136.8,139.0,138.8,138.8,139.0,139.1,139.3,139.2,139.3,139.3,139.3,139.5,139.4,141.4,141.7,141.6,141.5,141.7,141.8,141.8,141.9,141.9,142.4,142.5,142.3,142.9,142.9,143.1,143.1,143.2,143.3,143.3,143.5,143.5,144.0,143.9,143.7,143.7,143.9,143.9,143.8,143.8,143.9,143.9,144.0,144.0,144.3,144.1,144.6,144.6,144.6,144.5,144.7,144.1,144.3,144.3,144.3,144.3,144.3,144.4,144.4,144.4,144.9,145.5,145.7,145.6,145.5,145.8,145.9,145.7,146.0,146.0,145.8,145.8,145.8,145.8,145.7,145.7,146.1,146.1,146.2,146.0,146.2,146.2,146.1,146.3,147.6,147.7,148.884,148.829,149.466,149.779,150.157,154.0,156.913
PCU561720561720SM             ,PCU561720561720SM             ,"PPI industry data for Janitorial services-Other receipts, not seasonally adjusted",Index base: 1994.12 = 100,1994-M12,2018-M03,,,,,,,,,,,,,,,,,,,,,,,,,,,,,,,,,,,,,,,,,,,,,,,,,,,,,,,,,,,,,100.0,101.1,101.0,101.0,98.9,98.9,98.9,101.5,101.5,101.5,102.4,102.6,102.6,102.6,102.6,105.0,104.7,104.7,104.9,104.9,104.9,104.9,104.9,105.1,105.3,106.3,106.3,106.3,106.6,103.0,103.0,103.0,103.1,103.1,103.1,103.1,103.2,103.2,103.2,103.4,103.4,103.4,103.4,104.7,104.7,104.7,104.7,104.7,104.7,104.7,104.7,104.7,104.7,104.7,104.7,105.9,105.9,105.9,105.9,105.9,105.9,105.9,107.8,107.8,107.8,107.8,107.8,107.8,107.8,107.8,107.8,107.8,107.8,108.3,109.0,109.0,109.0,109.0,109.0,109.0,109.0,109.0,109.0,109.0,109.0,110.5,110.5,110.5,110.5,110.5,110.5,110.5,110.5,110.5,110.5,110.5,110.5,110.5,110.5,110.5,110.5,110.5,110.5,109.4,109.5,109.5,110.4,110.4,110.4,111.8,111.8,113.0,112.7,112.7,114.2,114.2,114.2,114.2,114.2,114.2,116.0,116.0,116.0,116.0,117.0,117.3,117.4,117.4,117.4,117.4,117.4,117.4,117.4,117.9,117.9,117.9,120.3,120.3,120.3,120.3,120.3,120.3,120.3,120.3,120.3,120.3,120.3,120.6,119.9,119.9,119.9,119.9,119.9,119.9,119.9,119.9,125.9,126.0,126.0,126.3,126.3,126.3,126.3,126.3,126.3,126.3,126.3,126.3,126.3,129.4,129.4,129.4,129.4,129.4,129.4,129.4,129.4,129.4,129.4,129.4,129.4,129.4,129.4,129.4,129.4,129.4,129.4,129.5,129.5,129.5,129.5,134.4,134.4,134.5,134.5,134.5,134.5,134.7,134.7,134.7,134.7,136.7,136.8,136.7,136.7,136.8,136.8,136.8,136.8,136.8,136.7,136.7,136.8,136.8,136.9,136.9,136.7,136.9,136.9,136.8,136.9,136.8,136.9,136.2,136.2,136.3,136.3,136.2,136.3,136.5,136.6,136.6,137.5,137.5,137.5,137.5,137.5,137.5,137.5,137.5,137.3,137.2,137.3,137.5,139.3,140.3,140.2,139.2,139.2,139.2,139.3,139.3,139.2,139.2,139.7,139.1,139.6,139.2,139.3,139.0,139.1,139.1,139.1,139.1,138.5,138.5,138.7,138.3,138.3,138.3,138.4,138.4,138.4,138.4,138.4,138.4,138.4,138.7,138.7,138.9,,,,,,,,,,,,,,,,,,,,,,,,,,,,,,,,,,,,,,,,,,,,,,
