index,Index,Label,unit,start,last,1939,1940,1941,1942,1943,1944,1945,1946,1947,1948,1949,1950,1951,1952,1953,1954,1955,1956,1957,1958,1959,1960,1961,1962,1963,1964,1965,1966,1967,1968,1969,1970,1971,1972,1973,1974,1975,1976,1977,1978,1979,1980,1981,1982,1983,1984,1985,1986,1987,1988,1989,1990,1991,1992,1993,1994,1995,1996,1997,1998,1999,2000,2001,2002,2003,2004,2005,2006,2007,2008,2009,2010,2011,2012,2013,2014,2015,2016,2017,2018,2019,2020
CEU4142000001    ,CEU4142000001    ,41420000,1,1939-M01,2021-M11,1496.4,1559.3,1666.3,1622.9,1554.2,1573.3,1659.5,1947.8,2100.0,2213.2,2210.4,2238.6,2317.6,2389.8,2425.8,2435.6,2486.1,2564.3,2573.3,2531.7,2618.8,2670.5,2661.0,2716.6,2759.6,2834.9,2945.0,3056.7,3134.4,3211.7,3319.7,3392.2,3398.4,3520.7,3661.1,3794.8,3782.2,3890.5,4024.7,4248.3,4452.2,4523.7,4599.5,4540.6,4525.1,4752.6,4878.3,4898.5,4966.0,5114.6,5244.5,5229.5,5147.1,5071.8,5055.7,5208.2,5392.6,5480.6,5621.6,5751.7,5848.0,5888.4,5728.0,5605.5,5556.4,5607.8,5705.7,5841.9,5948.4,5874.9,5520.9,5386.5,5474.7,5595.2,5660.3,5739.5,5780.4,5786.9,5813.5,5840.9,5888.6,5639.9
CEU4142000006    ,CEU4142000006    ,41420000,6,1972-M01,2021-M11,,,,,,,,,,,,,,,,,,,,,,,,,,,,,,,,,,2897.8,3018.9,3124.2,3098.1,3188.0,3298.5,3483.3,3639.6,3680.9,3725.0,3635.1,3612.3,3793.0,3905.9,3912.0,3959.6,4101.4,4203.6,4167.5,4092.0,4040.7,4042.2,4165.5,4328.6,4390.4,4489.5,4570.6,4638.2,4651.2,4520.1,4437.0,4357.5,4402.3,4538.4,4675.9,4798.5,4767.9,4453.1,4324.4,4387.7,4505.1,4562.7,4637.8,4643.9,4634.3,4660.5,4688.4,4727.6,4487.0
CEU4142000010    ,CEU4142000010    ,41420000,10,1972-M01,2021-M11,,,,,,,,,,,,,,,,,,,,,,,,,,,,,,,,,,799.5,847.6,894.2,897.4,935.8,980.5,1057.9,1130.9,1170.1,1199.7,1219.7,1251.7,1327.0,1388.3,1430.3,1472.3,1537.6,1600.7,1598.0,1574.8,1552.3,1541.7,1594.7,1654.5,1687.3,1732.0,1763.9,1794.8,1811.8,1755.3,1702.3,1683.6,1695.7,1718.7,1774.6,1809.0,1798.1,1683.5,1618.8,1644.3,1675.7,1675.9,1691.2,1700.2,1708.3,1712.0,1739.9,1770.8,1685.6
CEU4142300001    ,CEU4142300001    ,41423000,1,1990-M01,2021-M11,,,,,,,,,,,,,,,,,,,,,,,,,,,,,,,,,,,,,,,,,,,,,,,,,,,,2913.1,2844.9,2776.2,2764.1,2865.6,2991.6,3062.0,3158.7,3251.5,3310.2,3342.4,3221.4,3103.7,3044.5,3062.5,3118.8,3202.7,3257.3,3190.6,2944.0,2848.3,2905.2,2977.9,3012.7,3056.0,3079.6,3082.5,3108.3,3148.7,3201.9,3084.0
CEU4142300006    ,CEU4142300006    ,41423000,6,1990-M01,2021-M10,,,,,,,,,,,,,,,,,,,,,,,,,,,,,,,,,,,,,,,,,,,,,,,,,,,,2329.5,2265.3,2214.4,2215.9,2299.5,2411.3,2457.7,2523.1,2577.6,2615.4,2624.7,2526.2,2446.1,2373.3,2399.3,2479.2,2566.4,2633.6,2588.8,2363.5,2267.0,2310.0,2377.3,2410.1,2449.5,2445.0,2443.0,2478.7,2520.1,2567.5,2446.8
CEU4142300010    ,CEU4142300010    ,41423000,10,1990-M01,2021-M10,,,,,,,,,,,,,,,,,,,,,,,,,,,,,,,,,,,,,,,,,,,,,,,,,,,,847.5,832.3,811.8,803.3,834.9,871.9,891.9,912.8,931.7,946.1,952.6,910.0,863.0,836.5,823.8,840.1,886.2,895.9,878.7,816.2,780.2,795.2,813.3,814.3,823.8,825.9,827.8,832.3,853.0,871.9,826.3
CEU4142310001    ,CEU4142310001    ,41423100,1,1990-M01,2021-M10,,,,,,,,,,,,,,,,,,,,,,,,,,,,,,,,,,,,,,,,,,,,,,,,,,,,313.8,308.3,306.7,310.2,324.4,339.2,347.2,355.0,358.6,364.6,360.8,352.3,350.9,347.9,347.0,350.9,355.4,357.1,345.8,322.0,316.6,320.8,328.1,333.1,336.7,338.0,340.7,346.1,351.6,360.8,343.3
CEU4142310006    ,CEU4142310006    ,41423100,6,1990-M01,2021-M10,,,,,,,,,,,,,,,,,,,,,,,,,,,,,,,,,,,,,,,,,,,,,,,,,,,,256.7,251.0,249.5,253.5,266.8,280.2,288.0,293.2,292.1,295.7,290.4,283.8,282.8,277.2,276.1,284.1,292.1,297.2,288.2,262.5,256.7,263.2,270.0,275.4,279.2,278.7,282.0,285.6,288.1,292.9,274.2
CEU4142310010    ,CEU4142310010    ,41423100,10,1990-M01,2021-M10,,,,,,,,,,,,,,,,,,,,,,,,,,,,,,,,,,,,,,,,,,,,,,,,,,,,82.1,79.2,78.3,78.1,81.2,85.9,88.2,90.1,90.6,93.2,91.5,87.4,84.7,81.1,77.2,74.8,70.8,68.1,66.4,65.3,66.2,65.8,67.3,70.3,69.1,69.8,72.0,70.1,69.1,70.1,68.5
CEU4142311001    ,CEU4142311001    ,41423110,1,1990-M01,2021-M10,,,,,,,,,,,,,,,,,,,,,,,,,,,,,,,,,,,,,,,,,,,,,,,,,,,,94.8,91.7,91.1,92.0,98.0,105.3,110.9,116.8,121.9,128.5,130.3,126.8,126.0,125.0,124.7,128.4,131.4,134.1,131.9,121.0,115.1,112.8,113.6,116.9,117.5,117.2,120.4,121.3,124.0,130.4,125.2
CEU4142311006    ,CEU4142311006    ,41423110,6,1990-M01,2021-M10,,,,,,,,,,,,,,,,,,,,,,,,,,,,,,,,,,,,,,,,,,,,,,,,,,,,75.4,72.7,71.9,73.0,78.9,85.5,90.3,94.3,95.8,101.0,101.9,100.5,101.5,101.7,102.2,107.7,110.6,115.2,111.7,96.8,89.0,88.0,92.0,96.9,98.9,98.2,99.8,100.5,103.9,108.4,104.4
CEU4142311010    ,CEU4142311010    ,41423110,10,1990-M01,2021-M10,,,,,,,,,,,,,,,,,,,,,,,,,,,,,,,,,,,,,,,,,,,,,,,,,,,,24.1,23.2,23.3,23.3,24.7,26.8,28.2,30.0,31.5,32.9,32.4,31.3,30.4,28.6,26.5,26.4,25.6,26.1,25.6,27.5,26.2,24.4,24.3,26.5,25.8,26.7,27.4,26.3,27.0,27.2,25.2
CEU4142312001    ,CEU4142312001    ,41423120,1,1990-M01,2021-M10,,,,,,,,,,,,,,,,,,,,,,,,,,,,,,,,,,,,,,,,,,,,,,,,,,,,176.4,175.0,174.0,175.8,182.7,188.7,190.2,191.0,189.5,190.2,185.6,180.5,181.3,179.0,175.9,176.0,177.0,175.3,166.8,154.3,154.4,159.4,165.0,166.7,169.0,169.4,168.5,171.6,173.5,175.6,168.4
CEU4142312006    ,CEU4142312006    ,41423120,6,1990-M01,2021-M10,,,,,,,,,,,,,,,,,,,,,,,,,,,,,,,,,,,,,,,,,,,,,,,,,,,,148.1,146.0,145.6,147.6,153.6,158.8,160.9,161.3,158.8,158.4,152.6,148.1,147.2,141.5,137.7,141.4,144.0,142.4,137.4,127.7,128.9,134.1,135.8,137.4,139.5,138.6,139.9,142.0,140.5,139.2,127.9
CEU4142312010    ,CEU4142312010    ,41423120,10,1990-M01,2021-M10,,,,,,,,,,,,,,,,,,,,,,,,,,,,,,,,,,,,,,,,,,,,,,,,,,,,49.8,48.1,47.4,47.0,48.8,51.2,51.9,51.5,50.4,51.9,51.8,48.6,46.3,45.3,43.8,41.4,37.2,35.8,35.8,33.5,33.9,34.6,36.3,36.6,36.1,34.4,36.2,37.2,36.2,37.3,37.0
CEU4142320001    ,CEU4142320001    ,41423200,1,1990-M01,2021-M10,,,,,,,,,,,,,,,,,,,,,,,,,,,,,,,,,,,,,,,,,,,,,,,,,,,,104.2,98.2,95.9,94.9,98.2,102.9,105.2,109.0,115.3,118.8,118.5,114.1,111.8,113.6,113.3,115.4,118.3,118.9,112.6,99.7,94.9,95.7,98.8,101.9,104.2,106.4,109.2,111.6,115.8,116.3,108.6
CEU4142320006    ,CEU4142320006    ,41423200,6,1990-M01,2021-M10,,,,,,,,,,,,,,,,,,,,,,,,,,,,,,,,,,,,,,,,,,,,,,,,,,,,85.4,79.5,77.3,76.9,79.3,84.2,85.7,88.6,93.3,96.4,96.7,92.6,88.7,89.1,89.4,91.3,93.7,95.9,91.3,80.6,76.0,76.3,78.3,80.1,82.0,83.3,85.8,88.9,92.9,93.1,86.5
CEU4142320010    ,CEU4142320010    ,41423200,10,1990-M01,2021-M10,,,,,,,,,,,,,,,,,,,,,,,,,,,,,,,,,,,,,,,,,,,,,,,,,,,,40.2,38.1,37.1,37.0,37.7,39.5,40.0,40.8,42.0,43.8,42.7,40.3,42.4,43.2,44.6,47.0,49.5,49.5,45.9,42.7,38.6,39.8,42.0,43.4,41.6,43.6,47.1,50.0,51.2,53.7,49.1
CEU4142321001    ,CEU4142321001    ,41423210,1,1990-M01,2021-M10,,,,,,,,,,,,,,,,,,,,,,,,,,,,,,,,,,,,,,,,,,,,,,,,,,,,42.1,39.8,38.4,38.0,39.3,41.7,43.5,45.6,48.3,50.2,51.0,49.1,45.7,44.1,44.0,46.5,47.8,47.7,46.5,41.6,39.7,41.1,43.1,44.9,45.5,46.6,47.8,48.7,50.3,51.8,48.4
CEU4142322001    ,CEU4142322001    ,41423220,1,1990-M01,2021-M10,,,,,,,,,,,,,,,,,,,,,,,,,,,,,,,,,,,,,,,,,,,,,,,,,,,,62.1,58.5,57.5,56.9,59.0,61.3,61.7,63.5,67.0,68.7,67.5,65.0,66.1,69.5,69.4,69.0,70.5,71.3,66.1,58.1,55.2,54.7,55.7,57.0,58.7,59.8,61.4,62.9,65.5,64.5,60.2
CEU4142330001    ,CEU4142330001    ,41423300,1,1990-M01,2021-M10,,,,,,,,,,,,,,,,,,,,,,,,,,,,,,,,,,,,,,,,,,,,,,,,,,,,186.3,174.4,174.5,177.1,187.3,196.4,200.8,208.1,217.1,226.6,233.1,226.1,231.1,235.2,247.3,261.0,272.1,268.9,243.7,213.2,196.4,191.3,193.7,199.6,210.1,216.9,226.5,235.4,240.7,244.3,245.0
CEU4142330006    ,CEU4142330006    ,41423300,6,1990-M01,2021-M10,,,,,,,,,,,,,,,,,,,,,,,,,,,,,,,,,,,,,,,,,,,,,,,,,,,,146.9,136.2,136.2,139.8,149.0,157.3,160.8,166.7,174.4,182.6,188.5,183.4,188.6,193.3,205.2,216.8,226.1,223.3,198.0,168.9,153.2,151.1,156.2,162.1,172.2,175.9,184.9,193.2,197.2,201.7,200.1
CEU4142330010    ,CEU4142330010    ,41423300,10,1990-M01,2021-M10,,,,,,,,,,,,,,,,,,,,,,,,,,,,,,,,,,,,,,,,,,,,,,,,,,,,37.5,35.7,34.6,34.1,35.8,37.3,37.9,38.4,39.4,41.0,43.3,41.1,42.9,43.5,48.8,53.1,55.2,56.7,53.0,46.5,40.7,40.6,40.8,40.9,42.5,42.9,43.0,47.6,49.6,48.1,48.1
CEU4142331001    ,CEU4142331001    ,41423310,1,1990-M01,2021-M10,,,,,,,,,,,,,,,,,,,,,,,,,,,,,,,,,,,,,,,,,,,,,,,,,,,,110.7,103.1,103.2,105.2,111.1,114.8,116.9,120.5,124.4,130.7,133.9,126.2,126.0,126.8,131.1,138.8,142.5,136.3,121.3,103.3,95.1,91.7,91.7,93.9,99.1,102.4,106.3,108.5,110.0,110.8,109.5
CEU4142331006    ,CEU4142331006    ,41423310,6,1990-M01,2021-M10,,,,,,,,,,,,,,,,,,,,,,,,,,,,,,,,,,,,,,,,,,,,,,,,,,,,91.4,84.1,84.1,86.7,92.0,95.8,97.6,100.2,104.0,109.5,111.4,105.0,104.9,106.0,110.6,117.4,120.6,114.8,99.8,83.2,76.7,74.4,75.9,78.7,82.6,84.5,87.8,90.1,89.4,90.0,88.7
CEU4142331010    ,CEU4142331010    ,41423310,10,1990-M01,2021-M10,,,,,,,,,,,,,,,,,,,,,,,,,,,,,,,,,,,,,,,,,,,,,,,,,,,,21.4,19.8,19.0,18.9,19.9,20.7,21.0,21.2,21.9,23.2,24.7,22.9,23.7,23.1,23.2,26.1,29.4,30.1,25.7,21.3,18.7,18.5,18.5,18.3,18.5,18.4,19.8,22.8,24.1,23.3,21.4
CEU4142332001    ,CEU4142332001    ,41423320,1,1990-M01,2021-M10,,,,,,,,,,,,,,,,,,,,,,,,,,,,,,,,,,,,,,,,,,,,,,,,,,,,29.3,27.8,28.3,29.4,31.2,34.1,35.6,37.5,40.6,43.6,45.8,47.7,50.9,52.6,57.0,59.5,63.7,64.8,61.2,53.8,48.8,46.9,46.6,48.5,52.3,54.6,57.6,60.3,61.9,64.1,64.2
CEU4142332010    ,CEU4142332010    ,41423320,10,1990-M01,2021-M10,,,,,,,,,,,,,,,,,,,,,,,,,,,,,,,,,,,,,,,,,,,,,,,,,,,,4.8,4.7,4.8,4.9,5.4,5.8,6.0,6.4,6.7,7.3,7.6,7.9,8.8,10.3,14.2,14.8,12.6,13.5,13.3,12.8,11.2,11.3,11.4,10.8,12.1,13.4,13.2,13.8,12.8,11.3,13.7
CEU4142339001    ,CEU4142339001    ,41423390,1,1990-M01,2021-M10,,,,,,,,,,,,,,,,,,,,,,,,,,,,,,,,,,,,,,,,,,,,,,,,,,,,46.2,43.5,43.1,42.6,45.1,47.5,48.2,50.0,52.1,52.2,53.4,52.2,54.2,55.7,59.1,62.7,65.9,67.8,61.3,56.0,52.5,52.7,55.4,57.2,58.8,59.9,62.6,66.6,68.8,69.4,71.4
CEU4142339010    ,CEU4142339010    ,41423390,10,1990-M01,2021-M10,,,,,,,,,,,,,,,,,,,,,,,,,,,,,,,,,,,,,,,,,,,,,,,,,,,,11.3,11.2,10.9,10.3,10.5,10.8,10.9,10.8,10.7,10.6,11.0,10.3,10.3,10.1,11.4,12.3,13.2,13.1,14.0,12.5,10.7,10.7,11.0,11.8,11.9,11.1,10.0,11.1,12.7,13.5,13.1
CEU4142340001    ,CEU4142340001    ,41423400,1,1990-M01,2021-M10,,,,,,,,,,,,,,,,,,,,,,,,,,,,,,,,,,,,,,,,,,,,,,,,,,,,627.9,629.6,613.7,610.5,619.7,636.4,659.9,692.0,732.9,757.3,757.8,731.9,701.8,693.3,683.8,686.1,701.0,713.1,708.3,668.9,656.6,671.0,674.2,676.6,674.4,673.5,679.7,676.4,676.1,688.9,682.9
CEU4142340006    ,CEU4142340006    ,41423400,6,1990-M01,2021-M10,,,,,,,,,,,,,,,,,,,,,,,,,,,,,,,,,,,,,,,,,,,,,,,,,,,,532.0,533.5,519.3,516.5,518.7,534.0,547.6,569.4,594.5,611.3,600.6,579.2,564.1,551.5,549.1,556.8,569.1,581.9,582.8,551.7,533.5,537.0,534.1,535.9,534.7,532.2,536.4,538.3,541.9,550.8,537.9
CEU4142340010    ,CEU4142340010    ,41423400,10,1990-M01,2021-M10,,,,,,,,,,,,,,,,,,,,,,,,,,,,,,,,,,,,,,,,,,,,,,,,,,,,216.7,217.1,212.3,209.3,217.5,222.4,229.8,239.4,253.7,261.7,264.7,254.0,237.2,230.9,223.4,231.8,254.2,250.0,237.9,223.2,220.9,228.8,233.4,232.5,239.1,237.3,234.7,233.9,245.1,256.8,244.8
CEU4142342001    ,CEU4142342001    ,41423420,1,1990-M01,2021-M10,,,,,,,,,,,,,,,,,,,,,,,,,,,,,,,,,,,,,,,,,,,,,,,,,,,,137.2,134.1,129.2,126.9,127.3,127.5,131.0,134.3,136.3,138.0,134.5,130.6,123.3,122.2,118.7,114.9,111.8,110.9,111.1,104.3,100.1,98.3,97.1,94.0,89.0,88.2,88.3,86.2,82.5,80.4,74.0
CEU4142342006    ,CEU4142342006    ,41423420,6,1990-M01,2021-M10,,,,,,,,,,,,,,,,,,,,,,,,,,,,,,,,,,,,,,,,,,,,,,,,,,,,119.5,116.3,112.0,111.3,112.2,112.4,114.5,116.2,117.4,118.3,114.6,110.8,104.3,102.8,99.3,97.1,95.8,93.7,94.2,87.9,81.9,80.8,79.0,77.4,75.1,74.4,73.1,71.5,67.9,67.2,60.5
CEU4142342010    ,CEU4142342010    ,41423420,10,1990-M01,2021-M10,,,,,,,,,,,,,,,,,,,,,,,,,,,,,,,,,,,,,,,,,,,,,,,,,,,,39.3,37.8,36.3,36.1,35.7,35.3,36.6,38.5,40.2,41.2,41.9,41.2,38.1,36.5,34.6,36.3,37.8,37.6,33.8,30.1,27.9,26.8,26.8,26.8,26.5,25.7,23.4,22.5,22.9,23.1,20.9
CEU4142343001    ,CEU4142343001    ,41423430,1,1990-M01,2021-M10,,,,,,,,,,,,,,,,,,,,,,,,,,,,,,,,,,,,,,,,,,,,,,,,,,,,249.9,249.5,234.7,228.3,228.6,239.5,255.2,279.6,309.5,325.4,321.6,302.2,274.5,261.2,250.8,249.7,255.6,257.9,253.3,231.1,224.3,231.3,234.7,236.6,235.9,232.1,229.9,223.1,220.7,224.2,224.6
CEU4142343006    ,CEU4142343006    ,41423430,6,1990-M01,2021-M10,,,,,,,,,,,,,,,,,,,,,,,,,,,,,,,,,,,,,,,,,,,,,,,,,,,,224.0,224.8,213.1,208.1,202.9,213.3,222.8,241.1,257.8,267.9,257.3,242.8,228.8,217.1,209.8,209.9,214.3,216.6,212.7,194.9,185.2,183.4,182.9,185.0,184.0,181.0,180.8,174.5,173.6,180.6,180.4
CEU4142343010    ,CEU4142343010    ,41423430,10,1990-M01,2021-M10,,,,,,,,,,,,,,,,,,,,,,,,,,,,,,,,,,,,,,,,,,,,,,,,,,,,82.2,81.9,76.3,72.9,76.3,79.4,85.9,93.7,103.4,107.5,107.9,101.3,87.9,81.1,75.5,76.5,82.6,82.9,80.8,71.7,66.9,68.3,71.6,71.0,72.2,71.9,69.7,65.2,68.2,74.0,72.1
CEU4142345001    ,CEU4142345001    ,41423450,1,1990-M01,2021-M10,,,,,,,,,,,,,,,,,,,,,,,,,,,,,,,,,,,,,,,,,,,,,,,,,,,,116.4,123.0,128.9,135.1,142.3,146.2,150.0,154.7,160.3,165.8,171.1,175.0,183.2,191.9,197.1,203.7,214.3,221.9,221.6,218.9,219.5,225.3,224.2,225.2,227.8,230.5,236.9,241.8,245.6,256.9,263.2
CEU4142345006    ,CEU4142345006    ,41423450,6,1990-M01,2021-M10,,,,,,,,,,,,,,,,,,,,,,,,,,,,,,,,,,,,,,,,,,,,,,,,,,,,89.9,94.6,99.0,103.9,109.2,112.7,115.3,117.5,121.6,126.0,128.3,131.3,140.1,145.7,153.0,159.7,164.4,172.9,177.2,176.3,176.6,180.8,179.3,178.9,180.0,180.4,182.3,190.5,194.9,199.1,202.3
CEU4142345010    ,CEU4142345010    ,41423450,10,1990-M01,2021-M10,,,,,,,,,,,,,,,,,,,,,,,,,,,,,,,,,,,,,,,,,,,,,,,,,,,,51.0,54.0,57.6,59.7,64.5,66.3,65.1,64.9,66.3,68.0,69.8,70.2,70.8,74.7,74.2,78.7,89.1,88.6,86.4,85.4,88.7,93.3,92.8,91.5,96.0,94.5,95.8,102.3,109.7,113.8,112.2
CEU4142349001    ,CEU4142349001    ,41423490,1,1990-M01,2021-M10,,,,,,,,,,,,,,,,,,,,,,,,,,,,,,,,,,,,,,,,,,,,,,,,,,,,124.3,123.0,120.9,120.1,121.6,123.2,123.7,123.4,126.7,128.1,130.5,124.0,120.8,117.9,117.3,117.8,119.3,122.4,122.3,114.6,112.6,116.1,118.2,120.8,121.7,122.7,124.6,125.3,127.3,127.3,121.2
CEU4142349006    ,CEU4142349006    ,41423490,6,1990-M01,2021-M10,,,,,,,,,,,,,,,,,,,,,,,,,,,,,,,,,,,,,,,,,,,,,,,,,,,,98.5,97.9,95.2,93.2,94.4,95.7,94.9,94.6,97.7,99.0,100.4,94.2,91.0,85.8,87.0,90.1,94.5,98.7,98.7,92.7,89.8,92.0,92.9,94.7,95.6,96.4,100.1,101.9,105.5,103.8,94.7
CEU4142349010    ,CEU4142349010    ,41423490,10,1990-M01,2021-M10,,,,,,,,,,,,,,,,,,,,,,,,,,,,,,,,,,,,,,,,,,,,,,,,,,,,44.2,43.4,42.2,40.6,40.9,41.3,42.3,42.3,43.8,45.1,45.1,41.3,40.3,38.7,39.1,40.3,44.6,40.8,36.9,36.0,37.4,40.4,42.2,43.3,44.4,45.2,45.7,43.9,44.3,46.0,39.6
CEU4142350001    ,CEU4142350001    ,41423500,1,1990-M01,2021-M10,,,,,,,,,,,,,,,,,,,,,,,,,,,,,,,,,,,,,,,,,,,,,,,,,,,,130.8,124.9,122.0,122.4,126.1,132.1,134.5,137.9,142.5,146.4,149.8,138.7,129.6,125.1,127.9,130.0,135.1,140.2,140.2,122.3,118.8,123.6,130.6,131.1,135.4,137.2,132.6,132.3,135.9,135.6,124.5
CEU4142350006    ,CEU4142350006    ,41423500,6,1990-M01,2021-M10,,,,,,,,,,,,,,,,,,,,,,,,,,,,,,,,,,,,,,,,,,,,,,,,,,,,103.1,97.7,95.9,97.1,101.0,105.9,108.2,110.9,114.7,117.0,118.9,110.2,104.3,101.7,104.5,105.7,110.6,116.6,115.5,98.5,95.3,96.5,100.9,103.2,109.2,107.6,104.2,105.5,108.5,108.9,101.0
CEU4142350010    ,CEU4142350010    ,41423500,10,1990-M01,2021-M10,,,,,,,,,,,,,,,,,,,,,,,,,,,,,,,,,,,,,,,,,,,,,,,,,,,,29.5,27.4,26.1,26.0,26.1,27.2,28.1,28.7,29.2,29.2,30.4,29.6,27.3,24.5,24.1,24.7,26.7,30.2,31.7,27.5,24.5,27.5,29.4,28.0,28.4,28.6,27.7,26.2,26.5,25.9,24.1
CEU4142360001    ,CEU4142360001    ,41423600,1,1990-M01,2021-M10,,,,,,,,,,,,,,,,,,,,,,,,,,,,,,,,,,,,,,,,,,,,,,,,,,,,368.5,356.0,340.2,338.7,352.0,373.4,387.8,402.6,415.0,420.0,437.8,418.4,379.5,361.3,357.0,359.5,364.9,373.3,368.8,341.6,328.3,332.5,337.3,338.4,343.6,347.2,349.2,351.9,352.3,356.9,340.5
CEU4142360006    ,CEU4142360006    ,41423600,6,1990-M01,2021-M10,,,,,,,,,,,,,,,,,,,,,,,,,,,,,,,,,,,,,,,,,,,,,,,,,,,,276.0,265.7,258.7,261.7,272.6,290.5,293.9,296.9,298.8,300.9,313.5,296.2,274.2,258.4,256.4,266.9,276.4,289.6,294.9,275.7,262.5,264.9,270.4,268.5,271.6,266.1,266.2,267.3,264.7,275.7,264.6
CEU4142360010    ,CEU4142360010    ,41423600,10,1990-M01,2021-M10,,,,,,,,,,,,,,,,,,,,,,,,,,,,,,,,,,,,,,,,,,,,,,,,,,,,123.8,119.6,114.9,115.8,121.9,130.6,135.2,139.2,138.1,138.3,144.6,137.9,117.8,108.1,104.4,104.3,107.4,113.6,116.1,110.4,101.3,102.2,105.0,101.8,102.3,101.6,104.0,105.0,103.9,102.9,97.7
CEU4142361001    ,CEU4142361001    ,41423610,1,1990-M01,2021-M10,,,,,,,,,,,,,,,,,,,,,,,,,,,,,,,,,,,,,,,,,,,,,,,,,,,,145.2,140.4,137.5,139.2,143.1,150.8,154.3,160.2,164.9,165.1,168.5,162.6,153.4,149.8,150.5,151.0,156.0,162.8,162.2,150.2,144.6,148.4,154.9,158.5,162.9,168.7,171.1,174.4,176.8,181.5,171.6
CEU4142361006    ,CEU4142361006    ,41423610,6,1990-M01,2021-M10,,,,,,,,,,,,,,,,,,,,,,,,,,,,,,,,,,,,,,,,,,,,,,,,,,,,131.2,125.4,122.6,124.5,128.7,136.8,134.3,133.1,134.2,133.8,137.2,132.1,123.7,116.6,114.1,113.6,115.4,123.7,128.8,119.6,115.3,118.8,126.2,127.4,130.2,134.4,134.7,135.3,136.3,142.6,135.1
CEU4142361010    ,CEU4142361010    ,41423610,10,1990-M01,2021-M10,,,,,,,,,,,,,,,,,,,,,,,,,,,,,,,,,,,,,,,,,,,,,,,,,,,,50.0,47.7,47.2,48.0,49.0,51.5,53.0,54.2,54.2,53.3,53.7,51.0,45.2,40.7,39.2,38.0,38.3,41.7,43.0,40.0,37.8,37.1,38.7,38.7,41.3,43.3,42.1,42.6,45.6,46.4,43.5
CEU4142369001    ,CEU4142369001    ,41423690,1,1990-M01,2021-M10,,,,,,,,,,,,,,,,,,,,,,,,,,,,,,,,,,,,,,,,,,,,,,,,,,,,223.4,215.6,202.7,199.5,209.0,222.6,233.5,242.4,250.1,254.9,269.3,255.8,226.1,211.5,206.5,208.6,208.9,210.6,206.6,191.4,183.6,184.1,182.4,179.9,180.7,178.5,178.1,177.4,175.5,175.5,168.8
CEU4142369006    ,CEU4142369006    ,41423690,6,1990-M01,2021-M10,,,,,,,,,,,,,,,,,,,,,,,,,,,,,,,,,,,,,,,,,,,,,,,,,,,,144.8,140.3,136.1,137.2,143.9,153.7,159.7,163.8,164.6,167.1,176.3,164.1,150.5,141.8,142.3,153.3,161.0,165.9,166.1,156.1,147.2,146.1,144.2,141.1,141.3,131.8,131.4,132.0,128.4,133.0,129.5
CEU4142369010    ,CEU4142369010    ,41423690,10,1990-M01,2021-M10,,,,,,,,,,,,,,,,,,,,,,,,,,,,,,,,,,,,,,,,,,,,,,,,,,,,73.8,71.9,67.7,67.8,72.9,79.1,82.2,85.0,83.9,85.0,90.9,86.9,72.6,67.4,65.1,66.3,69.1,71.9,73.1,70.3,63.5,65.2,66.3,63.1,61.0,58.3,61.9,62.4,58.3,56.5,54.2
CEU4142370001    ,CEU4142370001    ,41423700,1,1990-M01,2021-M10,,,,,,,,,,,,,,,,,,,,,,,,,,,,,,,,,,,,,,,,,,,,,,,,,,,,221.1,213.5,210.7,211.5,219.8,228.6,233.5,238.9,244.1,251.0,252.6,246.6,239.3,237.5,243.0,252.2,261.9,265.3,260.7,238.0,226.9,229.8,233.4,238.4,244.7,251.9,258.8,267.1,275.8,283.0,277.4
CEU4142370006    ,CEU4142370006    ,41423700,6,1990-M01,2021-M10,,,,,,,,,,,,,,,,,,,,,,,,,,,,,,,,,,,,,,,,,,,,,,,,,,,,169.2,161.8,159.2,160.9,168.8,175.8,179.6,184.9,189.6,198.0,200.1,194.9,186.1,180.2,185.7,198.9,212.6,215.4,210.6,189.6,178.7,182.4,188.5,191.3,195.8,200.2,204.4,211.8,222.4,228.3,221.0
CEU4142370010    ,CEU4142370010    ,41423700,10,1990-M01,2021-M10,,,,,,,,,,,,,,,,,,,,,,,,,,,,,,,,,,,,,,,,,,,,,,,,,,,,63.0,60.7,59.9,59.9,62.0,63.9,65.4,66.0,67.8,69.5,69.5,66.0,63.4,61.8,61.4,61.0,63.9,63.4,61.8,56.2,55.2,56.4,57.6,55.5,57.1,61.7,64.3,65.7,67.0,66.6,64.6
CEU4142371001    ,CEU4142371001    ,41423710,1,1990-M01,2021-M10,,,,,,,,,,,,,,,,,,,,,,,,,,,,,,,,,,,,,,,,,,,,,,,,,,,,76.1,73.1,72.4,73.5,76.7,80.3,82.5,84.3,87.1,90.0,90.2,86.8,81.7,80.4,81.1,83.4,86.1,86.2,84.7,77.5,73.5,74.9,77.3,79.1,80.5,83.1,84.5,85.6,87.3,88.0,86.7
CEU4142371006    ,CEU4142371006    ,41423710,6,1990-M01,2021-M10,,,,,,,,,,,,,,,,,,,,,,,,,,,,,,,,,,,,,,,,,,,,,,,,,,,,56.3,53.4,52.9,54.0,56.6,59.5,60.9,62.7,65.6,69.7,69.5,66.4,61.6,59.0,60.2,63.8,68.5,68.7,66.7,61.4,58.5,61.2,63.9,62.7,63.2,66.5,67.4,67.8,69.7,69.7,67.6
CEU4142371010    ,CEU4142371010    ,41423710,10,1990-M01,2021-M10,,,,,,,,,,,,,,,,,,,,,,,,,,,,,,,,,,,,,,,,,,,,,,,,,,,,26.0,25.0,24.5,24.6,25.6,26.4,27.1,27.6,29.0,30.9,30.8,28.0,25.0,23.7,23.8,24.5,26.3,25.4,24.4,21.2,21.4,22.0,22.7,21.9,22.0,24.1,25.9,26.2,26.1,26.2,25.6
CEU4142372001    ,CEU4142372001    ,41423720,1,1990-M01,2021-M10,,,,,,,,,,,,,,,,,,,,,,,,,,,,,,,,,,,,,,,,,,,,,,,,,,,,85.5,82.0,79.9,78.7,81.6,84.4,85.7,87.5,88.3,90.4,90.6,89.6,87.0,86.8,90.2,94.9,98.9,100.5,97.8,88.0,83.2,83.2,84.3,87.0,90.6,93.0,96.8,100.9,105.5,108.4,105.6
CEU4142372006    ,CEU4142372006    ,41423720,6,1990-M01,2021-M10,,,,,,,,,,,,,,,,,,,,,,,,,,,,,,,,,,,,,,,,,,,,,,,,,,,,65.0,61.8,60.4,59.9,62.5,64.7,66.0,67.9,68.1,70.0,70.2,70.6,67.4,66.6,70.4,77.2,83.2,84.3,81.7,73.4,68.3,66.3,67.9,70.9,74.1,73.7,77.5,81.8,87.2,88.2,83.8
CEU4142372010    ,CEU4142372010    ,41423720,10,1990-M01,2021-M10,,,,,,,,,,,,,,,,,,,,,,,,,,,,,,,,,,,,,,,,,,,,,,,,,,,,19.8,18.9,18.3,18.0,18.9,19.9,20.1,20.4,20.7,21.0,20.9,20.5,19.9,20.3,20.2,19.9,20.7,21.0,20.0,18.6,17.7,18.2,19.6,19.3,20.5,21.3,21.5,22.1,23.5,22.4,21.1
CEU4142374001    ,CEU4142374001    ,41423740,1,1990-M01,2021-M10,,,,,,,,,,,,,,,,,,,,,,,,,,,,,,,,,,,,,,,,,,,,,,,,,,,,59.6,58.3,58.3,59.3,61.5,63.9,65.4,67.1,68.7,70.7,71.8,70.1,70.6,70.2,71.7,73.9,76.9,78.6,78.2,72.5,70.2,71.7,71.8,72.2,73.5,75.7,77.4,80.6,83.1,86.5,85.1
CEU4142374006    ,CEU4142374006    ,41423740,6,1990-M01,2021-M10,,,,,,,,,,,,,,,,,,,,,,,,,,,,,,,,,,,,,,,,,,,,,,,,,,,,47.8,46.5,45.8,47.1,49.7,51.6,52.7,54.4,56.0,58.3,60.4,57.9,57.1,54.6,55.2,57.9,60.9,62.4,62.2,54.8,51.9,55.0,56.7,57.8,58.5,60.0,59.4,62.1,65.5,70.4,69.6
CEU4142374010    ,CEU4142374010    ,41423740,10,1990-M01,2021-M10,,,,,,,,,,,,,,,,,,,,,,,,,,,,,,,,,,,,,,,,,,,,,,,,,,,,17.2,16.9,17.1,17.3,17.5,17.6,18.2,17.9,18.1,17.5,17.8,17.5,18.5,17.8,17.4,16.6,16.8,17.1,17.4,16.4,16.0,16.3,15.4,14.3,14.6,16.3,17.0,17.4,17.5,18.0,17.9
CEU4142380001    ,CEU4142380001    ,41423800,1,1990-M01,2021-M10,,,,,,,,,,,,,,,,,,,,,,,,,,,,,,,,,,,,,,,,,,,,,,,,,,,,702.5,683.2,657.9,644.2,667.6,692.8,701.2,719.7,735.4,737.2,739.1,717.3,688.1,659.8,667.5,678.0,696.4,713.2,705.1,654.9,628.7,640.2,669.9,683.6,699.0,704.7,689.6,686.2,700.1,716.2,685.2
CEU4142380006    ,CEU4142380006    ,41423800,6,1990-M01,2021-M10,,,,,,,,,,,,,,,,,,,,,,,,,,,,,,,,,,,,,,,,,,,,,,,,,,,,546.2,528.1,507.0,496.6,516.7,539.1,548.0,563.4,576.4,576.9,579.2,564.8,540.5,507.2,516.4,531.8,549.4,568.6,562.6,510.7,487.8,500.9,529.9,546.6,558.5,556.3,542.8,547.0,560.7,576.0,546.6
CEU4142380010    ,CEU4142380010    ,41423800,10,1990-M01,2021-M10,,,,,,,,,,,,,,,,,,,,,,,,,,,,,,,,,,,,,,,,,,,,,,,,,,,,164.9,164.0,157.7,153.8,158.6,164.0,165.6,166.5,168.4,169.0,167.1,161.5,156.6,144.8,139.7,144.5,157.9,164.0,168.4,155.0,144.3,141.8,145.9,147.4,148.6,147.8,142.6,139.8,144.9,151.0,141.0
CEU4142381001    ,CEU4142381001    ,41423810,1,1990-M01,2021-M10,,,,,,,,,,,,,,,,,,,,,,,,,,,,,,,,,,,,,,,,,,,,,,,,,,,,77.2,70.4,67.1,67.6,71.1,74.5,76.6,80.6,83.5,86.9,87.5,85.6,81.2,77.6,80.4,85.4,91.0,93.7,91.2,81.1,74.7,75.9,81.5,82.2,84.7,87.9,86.9,87.9,91.2,94.4,91.0
CEU4142381006    ,CEU4142381006    ,41423810,6,1990-M01,2021-M10,,,,,,,,,,,,,,,,,,,,,,,,,,,,,,,,,,,,,,,,,,,,,,,,,,,,58.1,52.9,50.2,50.6,53.9,57.0,59.1,62.4,65.0,69.2,69.9,69.6,66.3,61.1,63.0,66.5,70.4,73.7,73.5,64.5,59.1,60.3,64.5,65.5,67.7,70.0,68.5,70.8,74.5,75.9,72.0
CEU4142381010    ,CEU4142381010    ,41423810,10,1990-M01,2021-M10,,,,,,,,,,,,,,,,,,,,,,,,,,,,,,,,,,,,,,,,,,,,,,,,,,,,13.8,12.5,11.7,11.5,12.1,12.8,13.0,13.4,14.0,14.3,13.8,12.9,12.2,11.2,10.7,11.3,12.3,14.0,14.4,12.5,11.1,10.9,11.3,10.7,11.2,13.6,14.2,13.4,13.2,13.4,12.7
CEU4142382001    ,CEU4142382001    ,41423820,1,1990-M01,2021-M10,,,,,,,,,,,,,,,,,,,,,,,,,,,,,,,,,,,,,,,,,,,,,,,,,,,,106.5,104.0,100.8,101.0,105.0,107.2,107.0,109.0,110.3,107.3,105.4,104.2,102.6,99.7,101.5,103.0,102.7,103.4,103.6,100.4,98.5,97.0,102.2,103.5,105.8,106.2,103.9,101.9,100.4,102.0,101.1
CEU4142382006    ,CEU4142382006    ,41423820,6,1990-M01,2021-M10,,,,,,,,,,,,,,,,,,,,,,,,,,,,,,,,,,,,,,,,,,,,,,,,,,,,82.7,80.2,77.3,77.3,80.9,82.6,82.5,84.4,86.0,84.1,82.3,83.1,81.4,79.1,79.5,81.2,82.4,83.3,82.4,77.3,76.7,78.7,82.9,82.3,84.7,84.4,83.0,82.1,81.1,82.5,82.0
CEU4142382010    ,CEU4142382010    ,41423820,10,1990-M01,2021-M10,,,,,,,,,,,,,,,,,,,,,,,,,,,,,,,,,,,,,,,,,,,,,,,,,,,,20.3,20.4,19.7,19.3,19.6,20.0,20.2,20.3,20.2,19.9,19.6,18.7,18.5,18.3,17.6,17.4,16.6,16.0,15.9,17.0,17.5,17.5,17.7,17.1,16.6,17.2,16.6,15.8,15.2,16.0,16.7
CEU4142383001    ,CEU4142383001    ,41423830,1,1990-M01,2021-M10,,,,,,,,,,,,,,,,,,,,,,,,,,,,,,,,,,,,,,,,,,,,,,,,,,,,346.5,337.6,324.1,314.9,326.2,340.3,343.1,351.6,359.7,362.6,366.1,351.0,332.9,314.1,313.4,316.1,324.9,335.4,332.3,302.8,288.5,298.3,312.7,321.5,328.1,328.1,317.4,315.3,325.3,330.5,311.0
CEU4142383006    ,CEU4142383006    ,41423830,6,1990-M01,2021-M10,,,,,,,,,,,,,,,,,,,,,,,,,,,,,,,,,,,,,,,,,,,,,,,,,,,,265.0,256.3,245.4,239.4,248.8,261.5,264.3,271.0,277.5,278.0,281.5,270.8,257.5,236.5,239.3,247.7,257.7,269.9,268.3,240.1,226.5,232.9,247.6,260.6,266.5,263.3,253.6,251.7,258.3,264.3,249.1
CEU4142383010    ,CEU4142383010    ,41423830,10,1990-M01,2021-M10,,,,,,,,,,,,,,,,,,,,,,,,,,,,,,,,,,,,,,,,,,,,,,,,,,,,79.5,79.2,76.0,74.4,77.2,80.0,80.5,80.2,81.1,81.8,81.5,78.6,74.8,68.6,65.5,68.4,73.7,76.5,77.0,67.6,62.7,64.8,68.8,69.3,70.2,68.3,65.1,64.9,69.9,69.0,63.4
CEU4142384001    ,CEU4142384001    ,41423840,1,1990-M01,2021-M10,,,,,,,,,,,,,,,,,,,,,,,,,,,,,,,,,,,,,,,,,,,,,,,,,,,,71.1,70.9,69.2,68.2,70.4,72.7,73.7,74.8,75.4,73.0,72.7,71.7,69.1,69.1,72.4,75.3,78.8,80.6,80.3,76.9,76.2,80.0,83.6,86.6,89.7,92.1,90.7,90.6,93.7,97.3,94.9
CEU4142384006    ,CEU4142384006    ,41423840,6,1990-M01,2021-M10,,,,,,,,,,,,,,,,,,,,,,,,,,,,,,,,,,,,,,,,,,,,,,,,,,,,58.1,58.0,56.5,55.8,57.4,59.4,60.6,61.6,61.4,58.5,58.5,57.3,54.8,52.8,54.3,58.2,60.3,62.0,62.3,59.0,57.5,61.6,65.4,68.6,69.2,68.7,68.7,70.7,74.9,78.9,74.4
CEU4142384010    ,CEU4142384010    ,41423840,10,1990-M01,2021-M10,,,,,,,,,,,,,,,,,,,,,,,,,,,,,,,,,,,,,,,,,,,,,,,,,,,,20.6,20.6,20.0,19.6,20.4,20.9,20.6,20.3,20.3,19.8,19.5,19.3,18.6,17.6,18.1,19.3,23.5,23.3,22.8,20.8,20.1,20.7,21.3,22.3,22.4,22.9,22.9,22.8,23.1,25.3,24.2
CEU4142385001    ,CEU4142385001    ,41423850,1,1990-M01,2021-M10,,,,,,,,,,,,,,,,,,,,,,,,,,,,,,,,,,,,,,,,,,,,,,,,,,,,65.4,64.7,62.2,60.6,62.9,65.1,66.5,67.3,68.1,66.5,66.9,67.7,67.0,65.7,65.7,63.9,63.7,63.8,61.1,58.2,56.2,54.2,54.4,54.4,54.9,54.9,56.3,56.3,56.0,56.5,54.3
CEU4142386001    ,CEU4142386001    ,41423860,1,1990-M01,2021-M10,,,,,,,,,,,,,,,,,,,,,,,,,,,,,,,,,,,,,,,,,,,,,,,,,,,,35.8,35.6,34.6,32.0,32.1,33.1,34.2,36.3,38.5,41.0,40.6,37.0,35.3,33.6,34.1,34.4,35.4,36.3,36.6,35.5,34.5,34.7,35.4,35.4,35.8,35.5,34.4,34.3,33.6,35.4,32.9
CEU4142390001    ,CEU4142390001    ,41423900,1,1990-M01,2021-M10,,,,,,,,,,,,,,,,,,,,,,,,,,,,,,,,,,,,,,,,,,,,,,,,,,,,258.0,256.8,254.8,254.7,270.4,289.8,292.0,295.7,290.7,288.2,292.8,276.1,271.6,271.1,275.9,285.7,297.6,307.3,305.5,283.3,281.4,300.3,312.0,309.9,308.0,303.9,296.2,301.4,300.4,300.0,276.5
CEU4142390006    ,CEU4142390006    ,41423900,6,1990-M01,2021-M10,,,,,,,,,,,,,,,,,,,,,,,,,,,,,,,,,,,,,,,,,,,,,,,,,,,,214.1,211.9,211.5,212.9,226.8,244.4,245.9,249.2,243.7,236.4,236.7,221.1,216.9,214.7,216.5,227.0,236.6,245.2,244.9,225.4,223.3,237.8,249.1,247.0,246.3,244.7,236.5,241.0,243.8,240.3,214.9
CEU4142390010    ,CEU4142390010    ,41423900,10,1990-M01,2021-M10,,,,,,,,,,,,,,,,,,,,,,,,,,,,,,,,,,,,,,,,,,,,,,,,,,,,89.9,90.6,90.8,89.4,94.1,101.1,101.6,103.8,102.6,100.4,98.9,92.2,90.8,98.7,100.4,98.9,100.8,100.5,97.4,89.4,88.5,92.2,91.9,94.5,95.1,92.6,92.4,94.0,95.7,96.8,88.5
CEU4142391001    ,CEU4142391001    ,41423910,1,1990-M01,2021-M10,,,,,,,,,,,,,,,,,,,,,,,,,,,,,,,,,,,,,,,,,,,,,,,,,,,,40.2,40.1,40.1,40.0,42.4,44.3,44.8,45.7,46.4,47.9,49.5,48.9,49.2,48.6,49.0,48.8,50.1,51.3,49.3,46.7,45.2,46.8,48.5,50.8,52.8,55.1,53.9,55.7,55.8,55.3,56.9
CEU4142391006    ,CEU4142391006    ,41423910,6,1990-M01,2021-M10,,,,,,,,,,,,,,,,,,,,,,,,,,,,,,,,,,,,,,,,,,,,,,,,,,,,37.4,37.2,37.7,37.7,40.1,42.0,42.7,43.9,43.8,44.6,42.8,40.6,39.6,39.5,40.1,39.1,39.8,42.1,40.2,38.1,35.4,36.4,37.4,39.3,40.8,42.7,41.1,43.7,44.9,43.0,43.2
CEU4142391010    ,CEU4142391010    ,41423910,10,1990-M01,2021-M10,,,,,,,,,,,,,,,,,,,,,,,,,,,,,,,,,,,,,,,,,,,,,,,,,,,,16.7,16.3,16.5,16.4,17.5,18.5,18.3,18.3,18.5,17.6,17.4,17.2,17.1,18.4,20.3,18.1,15.8,15.8,16.4,14.9,14.3,13.3,14.3,16.9,17.7,19.1,18.9,19.8,19.7,18.5,15.8
CEU4142393001    ,CEU4142393001    ,41423930,1,1982-M01,2021-M10,,,,,,,,,,,,,,,,,,,,,,,,,,,,,,,,,,,,,,,,,,,,77.5,76.3,85.1,84.0,80.2,83.3,94.6,100.9,100.6,100.2,98.4,98.3,106.0,117.7,118.9,118.1,114.3,108.3,109.6,99.6,95.3,93.1,97.6,100.0,106.5,112.4,114.3,105.0,107.0,116.8,121.9,117.9,114.6,107.0,98.3,100.5,104.3,103.9,92.6
CEU4142393006    ,CEU4142393006    ,41423930,6,1982-M01,2021-M10,,,,,,,,,,,,,,,,,,,,,,,,,,,,,,,,,,,,,,,,,,,,64.8,63.7,71.1,70.2,66.6,69.4,79.5,84.6,83.8,83.2,81.0,81.1,87.8,98.4,98.6,97.4,93.4,87.6,89.0,80.9,77.8,75.1,79.2,82.4,86.5,91.5,95.2,86.5,88.7,94.9,99.9,98.0,95.9,88.7,81.4,84.2,86.9,86.2,74.3
CEU4142393010    ,CEU4142393010    ,41423930,10,1982-M01,2021-M10,,,,,,,,,,,,,,,,,,,,,,,,,,,,,,,,,,,,,,,,,,,,12.9,13.8,16.4,16.2,15.6,16.2,18.4,19.6,19.6,19.2,19.2,19.0,20.1,22.8,23.0,22.9,22.7,21.6,21.4,18.7,16.4,16.9,18.4,17.8,20.8,20.2,20.7,19.5,17.7,17.5,18.6,19.2,19.0,17.7,15.5,14.9,16.0,17.4,17.3
CEU4142394001    ,CEU4142394001    ,41423940,1,1990-M01,2021-M10,,,,,,,,,,,,,,,,,,,,,,,,,,,,,,,,,,,,,,,,,,,,,,,,,,,,41.8,41.4,41.3,42.1,42.1,41.8,41.4,42.4,43.1,45.2,46.0,43.8,44.6,45.9,44.1,44.8,44.3,44.5,43.8,40.2,39.7,43.2,45.9,45.4,44.9,44.0,43.1,41.1,38.9,37.2,31.4
CEU4142394010    ,CEU4142394010    ,41423940,10,1990-M01,2021-M10,,,,,,,,,,,,,,,,,,,,,,,,,,,,,,,,,,,,,,,,,,,,,,,,,,,,22.0,22.8,22.7,22.8,23.1,23.1,23.1,24.2,24.0,25.0,23.8,23.0,24.6,27.7,26.5,26.3,26.0,23.7,22.3,21.3,21.8,23.5,24.1,24.2,25.0,24.1,25.1,23.6,22.8,22.1,18.6
CEU4142399001    ,CEU4142399001    ,41423990,1,1990-M01,2021-M10,,,,,,,,,,,,,,,,,,,,,,,,,,,,,,,,,,,,,,,,,,,,,,,,,,,,75.5,75.2,74.9,74.3,79.8,86.0,86.9,89.5,87.0,86.9,87.8,83.8,82.5,83.5,85.2,92.1,96.7,99.2,98.2,91.4,89.4,93.5,95.8,95.9,95.7,97.8,100.8,104.1,101.4,103.6,95.6
CEU4142399010    ,CEU4142399010    ,41423990,10,1990-M01,2021-M10,,,,,,,,,,,,,,,,,,,,,,,,,,,,,,,,,,,,,,,,,,,,,,,,,,,,31.6,32.3,32.5,31.2,33.4,36.7,37.2,38.4,37.4,36.2,36.3,33.3,32.7,35.6,35.3,36.7,38.3,40.8,38.0,33.7,34.8,37.8,35.0,34.2,33.5,31.6,32.9,35.6,37.2,38.7,36.8
CEU4142400001    ,CEU4142400001    ,41424000,1,1990-M01,2021-M11,,,,,,,,,,,,,,,,,,,,,,,,,,,,,,,,,,,,,,,,,,,,,,,,,,,,1957.7,1948.0,1947.4,1944.2,1984.6,2029.2,2038.6,2070.7,2097.1,2126.8,2131.1,2097.3,2084.6,2079.9,2091.1,2109.2,2133.9,2160.7,2148.2,2063.3,2025.7,2040.5,2070.8,2091.8,2121.0,2137.2,2145.2,2152.8,2151.4,2162.3,2070.0
CEU4142400006    ,CEU4142400006    ,41424000,6,1990-M01,2021-M10,,,,,,,,,,,,,,,,,,,,,,,,,,,,,,,,,,,,,,,,,,,,,,,,,,,,1546.8,1540.1,1543.5,1543.2,1574.1,1612.9,1622.6,1647.7,1667.7,1692.3,1694.1,1667.1,1663.4,1656.0,1658.0,1690.8,1720.9,1753.1,1753.4,1678.9,1645.9,1656.1,1693.4,1713.9,1746.1,1761.3,1759.8,1756.3,1747.8,1752.6,1670.7
CEU4142400010    ,CEU4142400010    ,41424000,10,1990-M01,2021-M10,,,,,,,,,,,,,,,,,,,,,,,,,,,,,,,,,,,,,,,,,,,,,,,,,,,,630.4,624.1,624.3,623.1,640.0,657.9,667.4,687.1,697.4,711.3,720.2,708.2,699.9,702.4,716.5,718.0,718.7,736.0,742.3,698.2,671.4,672.8,676.9,673.9,680.5,690.3,694.7,695.9,699.9,714.3,688.7
CEU4142410001    ,CEU4142410001    ,41424100,1,1990-M01,2021-M10,,,,,,,,,,,,,,,,,,,,,,,,,,,,,,,,,,,,,,,,,,,,,,,,,,,,168.1,166.8,164.5,167.7,170.5,174.2,177.9,182.1,183.6,185.7,184.0,175.5,166.0,159.6,159.8,160.9,159.5,155.0,150.0,139.4,134.5,132.1,132.3,132.3,133.7,133.4,132.4,131.9,129.0,128.1,123.1
CEU4142410006    ,CEU4142410006    ,41424100,6,1990-M01,2021-M10,,,,,,,,,,,,,,,,,,,,,,,,,,,,,,,,,,,,,,,,,,,,,,,,,,,,121.7,121.2,119.8,122.8,125.8,129.3,133.1,137.5,137.4,139.5,137.4,132.8,130.9,126.7,124.2,127.7,128.9,126.4,118.4,108.8,107.7,106.0,107.4,105.5,106.6,107.5,106.0,102.9,103.3,102.9,99.9
CEU4142410010    ,CEU4142410010    ,41424100,10,1990-M01,2021-M10,,,,,,,,,,,,,,,,,,,,,,,,,,,,,,,,,,,,,,,,,,,,,,,,,,,,59.7,58.1,57.3,58.7,60.7,62.1,65.5,68.3,68.1,69.8,68.7,70.2,68.4,61.7,62.7,64.0,58.3,56.7,54.5,49.9,50.4,48.6,48.8,48.6,46.5,45.3,47.5,47.2,44.5,46.7,46.9
CEU4142412001    ,CEU4142412001    ,41424120,1,1990-M01,2021-M10,,,,,,,,,,,,,,,,,,,,,,,,,,,,,,,,,,,,,,,,,,,,,,,,,,,,90.8,90.3,89.2,91.1,93.5,96.7,99.9,103.5,105.6,106.6,104.8,101.7,95.4,90.8,90.5,90.0,88.8,85.5,82.2,76.0,72.1,70.2,69.3,69.5,69.8,69.3,68.7,68.0,64.2,62.8,58.1
CEU4142412010    ,CEU4142412010    ,41424120,10,1990-M01,2021-M10,,,,,,,,,,,,,,,,,,,,,,,,,,,,,,,,,,,,,,,,,,,,,,,,,,,,36.6,35.5,34.4,35.1,36.7,38.1,41.3,44.0,43.7,44.9,44.9,47.9,47.1,41.3,41.1,41.9,38.0,36.8,35.0,30.5,31.5,29.8,27.9,26.9,25.8,25.9,27.7,27.8,25.3,26.0,25.2
CEU4142413001    ,CEU4142413001    ,41424130,1,1990-M01,2021-M10,,,,,,,,,,,,,,,,,,,,,,,,,,,,,,,,,,,,,,,,,,,,,,,,,,,,77.3,76.4,75.3,76.6,77.0,77.5,78.0,78.6,78.0,79.1,79.3,73.9,70.7,68.7,69.4,71.0,70.7,69.5,67.8,63.5,62.5,61.9,63.0,62.8,64.0,64.1,63.7,64.0,64.8,65.3,65.0
CEU4142413010    ,CEU4142413010    ,41424130,10,1990-M01,2021-M10,,,,,,,,,,,,,,,,,,,,,,,,,,,,,,,,,,,,,,,,,,,,,,,,,,,,23.2,22.6,22.8,23.6,23.9,24.0,24.2,24.3,24.4,25.0,23.8,22.3,21.3,20.4,21.6,22.1,20.4,19.8,19.6,19.4,18.9,18.8,20.9,21.7,20.7,19.4,19.8,19.3,19.2,20.7,21.7
CEU4142420001    ,CEU4142420001    ,41424200,1,1990-M01,2021-M10,,,,,,,,,,,,,,,,,,,,,,,,,,,,,,,,,,,,,,,,,,,,,,,,,,,,153.5,155.0,159.1,162.0,162.9,163.8,167.7,178.6,188.9,200.1,211.7,221.6,231.9,233.7,242.5,238.7,239.1,241.5,238.9,227.3,219.0,216.6,219.1,222.5,227.9,232.9,233.9,232.9,233.8,237.2,231.0
CEU4142420006    ,CEU4142420006    ,41424200,6,1990-M01,2021-M10,,,,,,,,,,,,,,,,,,,,,,,,,,,,,,,,,,,,,,,,,,,,,,,,,,,,115.2,116.4,118.7,120.8,120.2,121.4,125.2,133.1,140.4,148.0,157.3,167.2,182.8,184.2,183.0,183.0,185.0,192.7,196.0,186.2,177.8,170.7,176.6,177.0,181.3,187.8,188.8,188.8,187.4,188.4,181.4
CEU4142420010    ,CEU4142420010    ,41424200,10,1990-M01,2021-M10,,,,,,,,,,,,,,,,,,,,,,,,,,,,,,,,,,,,,,,,,,,,,,,,,,,,63.2,64.3,66.2,67.4,66.7,67.0,69.4,75.1,80.3,84.5,89.3,94.8,105.9,116.4,126.0,124.8,126.9,129.5,128.6,125.0,121.7,120.3,118.5,114.5,115.2,119.0,120.4,121.8,122.9,131.6,127.3
CEU4142430001    ,CEU4142430001    ,41424300,1,1990-M01,2021-M10,,,,,,,,,,,,,,,,,,,,,,,,,,,,,,,,,,,,,,,,,,,,,,,,,,,,154.0,153.0,157.0,157.2,162.3,169.3,167.2,169.7,169.4,168.9,165.7,157.1,152.9,152.4,149.8,151.0,155.7,156.8,152.7,141.9,140.6,142.5,144.9,146.2,149.6,153.2,155.2,153.4,151.8,151.3,130.2
CEU4142430006    ,CEU4142430006    ,41424300,6,1990-M01,2021-M10,,,,,,,,,,,,,,,,,,,,,,,,,,,,,,,,,,,,,,,,,,,,,,,,,,,,113.1,112.4,115.6,116.1,119.3,125.0,124.9,127.7,128.1,128.8,127.1,119.3,114.8,115.2,110.5,110.9,118.6,122.1,118.9,109.6,108.1,114.3,118.9,120.5,123.2,122.9,123.4,119.4,116.3,116.0,100.3
CEU4142430010    ,CEU4142430010    ,41424300,10,1990-M01,2021-M10,,,,,,,,,,,,,,,,,,,,,,,,,,,,,,,,,,,,,,,,,,,,,,,,,,,,79.2,78.2,81.0,83.2,85.0,87.9,87.3,89.3,89.0,91.5,90.4,85.7,82.0,81.9,82.7,82.9,79.6,80.1,78.8,71.5,72.7,78.1,81.6,84.8,86.9,87.8,89.3,89.1,88.6,85.9,72.3
CEU4142433001    ,CEU4142433001    ,41424330,1,1990-M01,2021-M10,,,,,,,,,,,,,,,,,,,,,,,,,,,,,,,,,,,,,,,,,,,,,,,,,,,,68.0,66.1,67.9,66.5,69.2,71.7,71.2,72.1,71.2,70.9,68.2,65.7,64.2,64.1,63.5,64.6,68.6,69.7,67.2,62.8,64.8,66.3,69.2,72.5,74.9,75.4,76.7,74.6,74.2,73.2,60.4
CEU4142440001    ,CEU4142440001    ,41424400,1,1990-M01,2021-M10,,,,,,,,,,,,,,,,,,,,,,,,,,,,,,,,,,,,,,,,,,,,,,,,,,,,635.7,633.2,633.4,633.4,651.3,667.3,670.5,678.6,688.7,701.9,704.3,698.4,695.5,701.9,708.9,718.8,729.6,745.7,752.2,732.3,726.4,737.2,747.3,750.8,759.8,766.8,774.9,787.3,789.6,794.8,757.0
CEU4142440006    ,CEU4142440006    ,41424400,6,1990-M01,2021-M10,,,,,,,,,,,,,,,,,,,,,,,,,,,,,,,,,,,,,,,,,,,,,,,,,,,,522.5,518.9,520.8,522.6,534.9,548.6,553.3,559.6,570.7,580.7,582.3,576.2,571.5,571.2,581.4,596.6,607.9,621.3,626.4,603.1,599.5,610.8,622.0,629.9,643.5,648.6,649.4,658.8,658.0,661.0,623.1
CEU4142440010    ,CEU4142440010    ,41424400,10,1990-M01,2021-M10,,,,,,,,,,,,,,,,,,,,,,,,,,,,,,,,,,,,,,,,,,,,,,,,,,,,183.3,182.1,181.4,178.2,183.0,186.5,188.3,192.3,193.9,200.1,203.7,197.9,188.6,185.8,184.6,186.5,194.1,205.1,218.2,212.4,199.7,197.9,194.2,193.9,204.1,210.2,208.1,208.8,214.4,216.3,213.3
CEU4142441001    ,CEU4142441001    ,41424410,1,1990-M01,2021-M10,,,,,,,,,,,,,,,,,,,,,,,,,,,,,,,,,,,,,,,,,,,,,,,,,,,,199.9,199.7,199.7,201.2,203.4,207.0,209.2,211.8,214.1,220.0,224.0,223.0,220.1,218.3,217.3,219.5,222.8,230.4,234.3,232.8,228.6,230.2,233.1,235.2,234.5,236.9,240.2,241.0,242.8,249.1,234.4
CEU4142441006    ,CEU4142441006    ,41424410,6,1990-M01,2021-M10,,,,,,,,,,,,,,,,,,,,,,,,,,,,,,,,,,,,,,,,,,,,,,,,,,,,171.2,170.7,170.6,172.3,173.4,176.7,179.9,182.3,184.5,186.6,188.9,188.7,185.7,181.0,180.0,184.6,189.9,195.0,194.4,191.2,189.3,194.1,193.4,196.0,198.8,202.6,205.1,204.9,204.4,209.6,194.5
CEU4142441010    ,CEU4142441010    ,41424410,10,1990-M01,2021-M10,,,,,,,,,,,,,,,,,,,,,,,,,,,,,,,,,,,,,,,,,,,,,,,,,,,,47.1,48.3,48.2,47.8,48.4,49.3,49.7,50.6,52.1,55.9,58.2,56.6,54.4,54.6,52.7,52.0,53.4,60.1,64.4,66.1,61.5,56.9,55.9,56.8,57.3,59.2,58.0,59.0,61.5,59.5,56.1
CEU4142448001    ,CEU4142448001    ,41424480,1,1990-M01,2021-M10,,,,,,,,,,,,,,,,,,,,,,,,,,,,,,,,,,,,,,,,,,,,,,,,,,,,76.3,72.6,73.6,72.8,76.5,76.9,76.7,77.1,73.6,76.1,76.3,73.4,72.5,74.3,75.1,77.3,78.3,81.4,82.9,79.8,81.1,83.7,86.9,90.1,92.2,95.0,97.6,100.9,102.5,99.8,94.3
CEU4142448006    ,CEU4142448006    ,41424480,6,1990-M01,2021-M10,,,,,,,,,,,,,,,,,,,,,,,,,,,,,,,,,,,,,,,,,,,,,,,,,,,,66.4,61.9,63.3,63.2,65.6,66.0,66.7,67.0,63.3,65.1,65.3,60.4,60.4,63.1,65.5,66.8,66.3,67.0,70.2,68.8,70.6,71.8,73.8,77.8,81.0,83.0,83.0,86.2,87.4,84.4,79.8
CEU4142448010    ,CEU4142448010    ,41424480,10,1990-M01,2021-M10,,,,,,,,,,,,,,,,,,,,,,,,,,,,,,,,,,,,,,,,,,,,,,,,,,,,28.3,25.7,26.2,25.7,27.7,26.8,27.9,28.0,25.3,25.0,25.3,22.7,20.9,19.2,21.5,23.2,23.2,25.0,26.9,25.9,22.5,25.1,25.3,26.4,28.5,30.3,30.2,31.5,31.9,29.7,30.2
CEU4142450001    ,CEU4142450001    ,41424500,1,1990-M01,2021-M10,,,,,,,,,,,,,,,,,,,,,,,,,,,,,,,,,,,,,,,,,,,,,,,,,,,,100.2,97.1,95.7,93.4,93.3,91.6,88.5,88.0,88.5,85.7,82.0,78.5,75.7,74.8,73.6,74.5,73.7,75.6,75.4,75.1,75.4,75.6,75.5,75.0,75.4,75.3,74.5,72.4,70.0,68.6,68.6
CEU4142450006    ,CEU4142450006    ,41424500,6,1990-M01,2021-M10,,,,,,,,,,,,,,,,,,,,,,,,,,,,,,,,,,,,,,,,,,,,,,,,,,,,82.0,79.6,78.3,76.0,76.1,74.6,71.8,71.0,72.1,69.1,66.3,63.1,61.2,61.5,61.2,61.0,59.9,62.0,63.3,63.5,63.0,63.3,60.9,60.5,61.9,61.7,62.1,60.1,57.3,55.2,55.8
CEU4142450010    ,CEU4142450010    ,41424500,10,1990-M01,2021-M10,,,,,,,,,,,,,,,,,,,,,,,,,,,,,,,,,,,,,,,,,,,,,,,,,,,,20.4,19.9,19.5,19.1,19.3,19.0,18.2,17.9,17.7,17.1,16.5,15.9,15.5,16.1,16.7,17.3,16.7,17.3,18.8,18.6,18.6,19.1,18.8,19.4,18.2,16.9,17.9,16.5,15.9,16.4,17.3
CEU4142451001    ,CEU4142451001    ,41424510,1,1990-M01,2021-M10,,,,,,,,,,,,,,,,,,,,,,,,,,,,,,,,,,,,,,,,,,,,,,,,,,,,55.2,53.3,52.9,51.0,51.1,50.8,50.0,49.6,50.0,49.8,47.6,45.6,43.5,42.9,42.6,43.0,42.6,43.8,44.9,46.0,46.7,46.6,47.1,47.1,48.0,48.5,48.1,45.4,43.9,41.9,41.6
CEU4142451010    ,CEU4142451010    ,41424510,10,1990-M01,2021-M10,,,,,,,,,,,,,,,,,,,,,,,,,,,,,,,,,,,,,,,,,,,,,,,,,,,,10.8,10.5,10.3,10.0,10.1,9.9,9.7,9.6,9.7,9.6,9.1,8.6,8.2,8.4,9.1,9.5,9.0,9.3,10.0,10.1,10.8,11.1,10.8,10.4,10.0,9.2,9.5,8.9,9.1,8.8,8.0
CEU4142460001    ,CEU4142460001    ,41424600,1,1990-M01,2021-M10,,,,,,,,,,,,,,,,,,,,,,,,,,,,,,,,,,,,,,,,,,,,,,,,,,,,127.4,129.4,129.8,131.4,132.9,137.1,137.7,141.2,143.3,146.0,148.2,144.0,141.8,140.8,142.1,142.9,145.5,145.3,143.2,136.4,133.4,136.1,139.6,141.7,143.6,143.7,142.8,143.9,146.4,146.9,140.9
CEU4142460006    ,CEU4142460006    ,41424600,6,1990-M01,2021-M10,,,,,,,,,,,,,,,,,,,,,,,,,,,,,,,,,,,,,,,,,,,,,,,,,,,,93.8,97.0,99.7,101.5,102.9,106.3,104.7,106.4,106.8,109.7,110.7,106.5,101.6,101.6,106.9,112.7,116.9,111.4,113.3,108.9,106.4,104.6,107.7,110.5,111.5,111.8,111.1,112.2,117.0,117.8,110.3
CEU4142460010    ,CEU4142460010    ,41424600,10,1990-M01,2021-M10,,,,,,,,,,,,,,,,,,,,,,,,,,,,,,,,,,,,,,,,,,,,,,,,,,,,34.9,34.6,34.9,35.6,36.1,37.1,37.0,38.9,39.3,39.7,40.4,40.2,39.0,37.8,38.1,36.2,39.0,36.9,35.8,35.1,32.8,34.7,37.2,37.7,36.1,37.6,38.3,41.0,44.5,45.1,42.8
CEU4142470001    ,CEU4142470001    ,41424700,1,1990-M01,2021-M10,,,,,,,,,,,,,,,,,,,,,,,,,,,,,,,,,,,,,,,,,,,,,,,,,,,,157.9,149.9,139.8,132.1,130.9,129.1,126.7,126.3,125.2,125.9,121.9,117.7,114.2,109.4,105.0,104.7,105.2,105.9,105.3,101.4,98.9,97.9,99.4,100.6,104.9,103.1,101.7,101.1,102.2,104.1,101.6
CEU4142470006    ,CEU4142470006    ,41424700,6,1990-M01,2021-M10,,,,,,,,,,,,,,,,,,,,,,,,,,,,,,,,,,,,,,,,,,,,,,,,,,,,121.3,115.6,108.5,102.6,102.4,102.5,100.9,100.7,98.9,100.0,96.6,94.9,92.7,89.1,85.5,85.7,86.9,86.9,86.2,82.8,80.4,80.3,82.9,82.7,85.9,83.4,81.8,83.0,83.8,86.5,84.6
CEU4142470010    ,CEU4142470010    ,41424700,10,1990-M01,2021-M10,,,,,,,,,,,,,,,,,,,,,,,,,,,,,,,,,,,,,,,,,,,,,,,,,,,,49.3,47.3,44.3,42.5,43.0,42.7,41.8,41.9,42.2,42.6,42.7,41.1,39.1,37.8,41.5,38.8,32.5,31.4,34.0,32.3,29.4,28.3,32.3,28.7,27.6,28.2,27.7,26.5,25.7,27.6,27.2
CEU4142480001    ,CEU4142480001    ,41424800,1,1990-M01,2021-M10,,,,,,,,,,,,,,,,,,,,,,,,,,,,,,,,,,,,,,,,,,,,,,,,,,,,116.7,115.6,116.7,116.9,118.4,120.2,120.8,121.9,122.4,125.6,129.7,132.4,135.0,139.4,145.2,150.0,154.4,160.5,164.6,166.0,165.8,170.3,175.7,184.1,187.8,191.6,197.0,200.5,200.7,203.6,199.8
CEU4142480006    ,CEU4142480006    ,41424800,6,1990-M01,2021-M10,,,,,,,,,,,,,,,,,,,,,,,,,,,,,,,,,,,,,,,,,,,,,,,,,,,,98.9,97.4,97.6,98.3,99.3,100.8,100.8,101.5,102.3,104.8,107.8,109.3,111.6,115.0,118.8,123.5,126.5,133.3,137.2,138.3,137.4,141.4,147.1,152.5,157.5,159.3,162.9,163.6,161.5,163.4,160.8
CEU4142480010    ,CEU4142480010    ,41424800,10,1990-M01,2021-M10,,,,,,,,,,,,,,,,,,,,,,,,,,,,,,,,,,,,,,,,,,,,,,,,,,,,17.5,16.9,17.1,16.9,17.1,17.6,17.6,18.0,18.0,18.3,19.7,20.5,20.7,22.3,24.1,28.2,28.4,30.1,31.6,30.5,30.5,29.7,28.9,30.2,30.5,30.0,30.8,34.4,36.4,39.8,41.2
CEU4142481001    ,CEU4142481001    ,41424810,1,1990-M01,2021-M10,,,,,,,,,,,,,,,,,,,,,,,,,,,,,,,,,,,,,,,,,,,,,,,,,,,,73.4,73.6,74.7,75.3,76.3,77.2,77.2,77.0,77.1,78.5,80.4,81.8,83.0,84.5,87.7,88.9,91.3,93.2,95.5,96.3,95.6,96.9,100.1,103.8,106.8,109.0,111.6,113.6,112.7,112.9,111.5
CEU4142482001    ,CEU4142482001    ,41424820,1,1990-M01,2021-M10,,,,,,,,,,,,,,,,,,,,,,,,,,,,,,,,,,,,,,,,,,,,,,,,,,,,43.3,42.0,42.0,41.6,42.1,43.0,43.6,44.9,45.3,47.2,49.3,50.6,52.0,54.9,57.5,61.1,63.1,67.3,69.2,69.7,70.2,73.4,75.6,80.3,81.1,82.6,85.3,86.9,88.0,90.7,88.3
CEU4142490001    ,CEU4142490001    ,41424900,1,1990-M01,2021-M10,,,,,,,,,,,,,,,,,,,,,,,,,,,,,,,,,,,,,,,,,,,,,,,,,,,,344.3,348.1,351.5,350.1,362.2,376.8,381.8,384.3,387.1,386.9,383.4,372.0,371.5,367.8,364.3,367.7,371.3,374.5,365.9,343.5,331.6,332.4,336.8,338.6,338.5,337.4,332.9,329.5,327.9,327.7,317.8
CEU4142490006    ,CEU4142490006    ,41424900,6,1990-M01,2021-M10,,,,,,,,,,,,,,,,,,,,,,,,,,,,,,,,,,,,,,,,,,,,,,,,,,,,278.3,281.7,284.6,282.5,293.3,304.5,307.9,310.1,311.0,311.7,308.7,297.8,296.3,291.5,286.5,289.6,290.3,296.9,293.6,277.7,265.6,264.8,270.1,274.9,274.8,278.4,274.1,267.5,263.3,261.5,254.6
CEU4142490010    ,CEU4142490010    ,41424900,10,1990-M01,2021-M10,,,,,,,,,,,,,,,,,,,,,,,,,,,,,,,,,,,,,,,,,,,,,,,,,,,,122.9,122.7,122.6,121.6,129.0,138.2,142.2,145.5,148.8,147.8,149.0,141.9,140.7,142.8,140.1,139.3,143.2,149.0,142.0,123.0,115.8,116.2,116.6,116.1,115.5,115.4,114.8,110.7,107.0,105.0,100.5
CEU4142491001    ,CEU4142491001    ,41424910,1,1990-M01,2021-M10,,,,,,,,,,,,,,,,,,,,,,,,,,,,,,,,,,,,,,,,,,,,,,,,,,,,112.0,111.4,112.0,112.3,113.7,115.9,117.3,118.4,118.5,118.6,114.7,111.3,110.1,110.1,109.2,110.8,111.8,112.9,112.8,111.8,110.5,112.6,113.3,115.2,117.8,118.7,118.9,118.7,118.8,117.4,116.8
CEU4142491006    ,CEU4142491006    ,41424910,6,1990-M01,2021-M10,,,,,,,,,,,,,,,,,,,,,,,,,,,,,,,,,,,,,,,,,,,,,,,,,,,,86.7,86.1,87.6,88.4,89.7,91.3,92.3,93.6,93.2,93.2,90.1,88.8,87.5,86.6,86.5,89.4,89.0,90.6,91.0,90.9,87.8,91.4,93.5,94.6,95.0,97.2,97.6,95.2,94.4,94.3,94.1
CEU4142491010    ,CEU4142491010    ,41424910,10,1990-M01,2021-M10,,,,,,,,,,,,,,,,,,,,,,,,,,,,,,,,,,,,,,,,,,,,,,,,,,,,24.9,24.9,24.8,24.4,24.9,25.6,26.3,26.8,26.7,27.2,27.6,26.6,27.6,28.6,28.9,28.2,27.9,29.2,30.3,27.7,26.5,24.8,22.8,23.5,26.4,28.9,29.3,27.1,25.5,24.1,25.0
CEU4142492001    ,CEU4142492001    ,41424920,1,1990-M01,2021-M10,,,,,,,,,,,,,,,,,,,,,,,,,,,,,,,,,,,,,,,,,,,,,,,,,,,,52.6,53.2,54.2,56.1,59.7,64.1,65.3,64.5,65.1,63.0,59.9,59.2,59.5,60.0,56.1,57.7,57.3,58.0,59.7,54.8,50.3,48.9,48.1,47.4,45.0,42.5,40.6,38.2,36.7,35.7,32.2
CEU4142493001    ,CEU4142493001    ,41424930,1,1990-M01,2021-M10,,,,,,,,,,,,,,,,,,,,,,,,,,,,,,,,,,,,,,,,,,,,,,,,,,,,41.4,42.1,42.5,41.7,44.1,46.8,47.0,47.6,46.8,48.8,52.0,50.0,50.3,51.6,52.4,52.5,52.7,53.2,50.9,44.1,42.5,41.6,42.1,41.9,41.4,43.3,45.0,45.0,44.5,45.1,42.4
CEU4142493010    ,CEU4142493010    ,41424930,10,1990-M01,2021-M10,,,,,,,,,,,,,,,,,,,,,,,,,,,,,,,,,,,,,,,,,,,,,,,,,,,,14.2,14.4,14.5,14.1,15.4,17.0,16.7,17.1,17.1,17.3,18.6,18.4,19.3,19.4,20.2,20.5,23.0,23.8,19.7,14.6,15.3,15.8,16.8,15.8,15.3,17.0,18.5,17.7,18.1,18.2,16.5
CEU4142499001    ,CEU4142499001    ,41424990,1,1990-M01,2021-M10,,,,,,,,,,,,,,,,,,,,,,,,,,,,,,,,,,,,,,,,,,,,,,,,,,,,138.4,141.4,142.9,140.0,144.7,149.9,152.2,153.8,156.7,156.6,156.8,151.5,151.5,146.2,146.6,146.7,149.5,150.5,142.5,132.9,128.4,129.3,133.3,134.1,134.3,132.8,128.5,127.7,128.0,129.7,126.3
CEU4142500001    ,CEU4142500001    ,41425000,1,1990-M01,2021-M11,,,,,,,,,,,,,,,,,,,,,,,,,,,,,,,,,,,,,,,,,,,,,,,,,,,,358.7,354.3,348.1,347.3,358.0,371.8,380.0,392.2,403.2,411.1,414.9,409.3,417.3,432.1,454.2,477.8,505.3,530.4,536.1,513.7,512.5,528.9,546.6,555.9,562.5,563.6,559.2,552.5,540.7,524.4,485.9
CEU4142500006    ,CEU4142500006    ,41425000,6,1990-M01,2021-M10,,,,,,,,,,,,,,,,,,,,,,,,,,,,,,,,,,,,,,,,,,,,,,,,,,,,291.2,286.7,282.8,283.1,291.9,304.3,310.1,318.7,325.4,330.6,332.4,326.8,327.4,328.3,345.0,368.4,388.6,411.8,425.7,410.6,411.5,421.5,434.4,438.7,442.2,437.6,431.5,425.6,420.5,407.5,369.4
CEU4142500010    ,CEU4142500010    ,41425000,10,1990-M01,2021-M10,,,,,,,,,,,,,,,,,,,,,,,,,,,,,,,,,,,,,,,,,,,,,,,,,,,,120.2,118.4,116.2,115.3,119.8,124.7,128.1,132.1,134.8,137.3,139.0,137.2,139.4,144.7,155.4,160.6,169.7,177.1,177.1,169.1,167.1,176.3,185.5,187.7,186.9,184.1,185.8,183.8,187.0,184.6,170.6
CEU4142511001    ,CEU4142511001    ,41425110,1,1990-M01,2021-M10,,,,,,,,,,,,,,,,,,,,,,,,,,,,,,,,,,,,,,,,,,,,,,,,,,,,81.1,79.9,77.6,77.0,79.3,82.6,85.1,88.5,91.8,93.7,94.2,90.3,80.9,68.3,61.5,57.7,56.6,54.1,50.3,44.4,40.9,38.0,36.9,36.2,35.3,34.5,33.9,32.6,31.5,31.0,28.9
CEU4142511010    ,CEU4142511010    ,41425110,10,1990-M01,2021-M10,,,,,,,,,,,,,,,,,,,,,,,,,,,,,,,,,,,,,,,,,,,,,,,,,,,,29.1,28.5,27.5,27.2,28.4,29.7,30.9,32.1,32.9,33.5,33.9,33.1,28.1,24.2,26.5,20.1,15.6,17.7,17.6,15.1,12.5,11.9,11.9,11.8,11.9,10.7,10.3,10.6,12.4,12.5,10.4
CEU4142512001    ,CEU4142512001    ,41425120,1,1990-M01,2021-M10,,,,,,,,,,,,,,,,,,,,,,,,,,,,,,,,,,,,,,,,,,,,,,,,,,,,277.6,274.4,270.5,270.3,278.7,289.2,294.9,303.7,311.4,317.4,320.8,318.9,336.4,363.8,392.7,420.1,448.7,476.3,485.8,469.3,471.6,491.0,509.7,519.8,527.2,529.1,525.4,519.9,509.3,493.4,457.0
CEU4142512010    ,CEU4142512010    ,41425120,10,1990-M01,2021-M10,,,,,,,,,,,,,,,,,,,,,,,,,,,,,,,,,,,,,,,,,,,,,,,,,,,,91.1,89.9,88.7,88.1,91.4,95.1,97.2,100.0,102.0,103.9,105.1,104.0,111.3,120.5,128.9,140.5,154.1,159.3,159.5,154.0,154.7,164.4,173.6,175.9,175.0,173.3,175.6,173.2,174.7,172.1,160.2
