CATEGORIES
cat_idx,cat_code,cat_desc,cat_indent
1,BOPGS,"Balance of Payment Goods and Services",0
2,BOPG,"Balance of Payment Goods",0


"DATA TYPES"
dt_idx,dt_code,dt_desc,dt_unit
1,BAL,Balance,MLN$
2,EXP,Exports,MLN$
3,IMP,Imports,MLN$


"GEO LEVELS"
geo_idx,geo_code,geo_desc
1,US,"United States"


"TIME PERIODS"
per_idx,per_name
1,Jan1992
2,Feb1992
3,Mar1992
4,Apr1992
5,May1992
6,Jun1992
7,Jul1992
8,Aug1992
9,Sep1992
10,Oct1992
11,Nov1992
12,Dec1992
13,Jan1993
14,Feb1993
15,Mar1993
16,Apr1993
17,May1993
18,Jun1993
19,Jul1993
20,Aug1993
21,Sep1993
22,Oct1993
23,Nov1993
24,Dec1993
25,Jan1994
26,Feb1994
27,Mar1994
28,Apr1994
29,May1994
30,Jun1994
31,Jul1994
32,Aug1994
33,Sep1994
34,Oct1994
35,Nov1994
36,Dec1994
37,Jan1995
38,Feb1995
39,Mar1995
40,Apr1995
41,May1995
42,Jun1995
43,Jul1995
44,Aug1995
45,Sep1995
46,Oct1995
47,Nov1995
48,Dec1995
49,Jan1996
50,Feb1996
51,Mar1996
52,Apr1996
53,May1996
54,Jun1996
55,Jul1996
56,Aug1996
57,Sep1996
58,Oct1996
59,Nov1996
60,Dec1996
61,Jan1997
62,Feb1997
63,Mar1997
64,Apr1997
65,May1997
66,Jun1997
67,Jul1997
68,Aug1997
69,Sep1997
70,Oct1997
71,Nov1997
72,Dec1997
73,Jan1998
74,Feb1998
75,Mar1998
76,Apr1998
77,May1998
78,Jun1998
79,Jul1998
80,Aug1998
81,Sep1998
82,Oct1998
83,Nov1998
84,Dec1998
85,Jan1999
86,Feb1999
87,Mar1999
88,Apr1999
89,May1999
90,Jun1999
91,Jul1999
92,Aug1999
93,Sep1999
94,Oct1999
95,Nov1999
96,Dec1999
97,Jan2000
98,Feb2000
99,Mar2000
100,Apr2000
101,May2000
102,Jun2000
103,Jul2000
104,Aug2000
105,Sep2000
106,Oct2000
107,Nov2000
108,Dec2000
109,Jan2001
110,Feb2001
111,Mar2001
112,Apr2001
113,May2001
114,Jun2001
115,Jul2001
116,Aug2001
117,Sep2001
118,Oct2001
119,Nov2001
120,Dec2001
121,Jan2002
122,Feb2002
123,Mar2002
124,Apr2002
125,May2002
126,Jun2002
127,Jul2002
128,Aug2002
129,Sep2002
130,Oct2002
131,Nov2002
132,Dec2002
133,Jan2003
134,Feb2003
135,Mar2003
136,Apr2003
137,May2003
138,Jun2003
139,Jul2003
140,Aug2003
141,Sep2003
142,Oct2003
143,Nov2003
144,Dec2003
145,Jan2004
146,Feb2004
147,Mar2004
148,Apr2004
149,May2004
150,Jun2004
151,Jul2004
152,Aug2004
153,Sep2004
154,Oct2004
155,Nov2004
156,Dec2004
157,Jan2005
158,Feb2005
159,Mar2005
160,Apr2005
161,May2005
162,Jun2005
163,Jul2005
164,Aug2005
165,Sep2005
166,Oct2005
167,Nov2005
168,Dec2005
169,Jan2006
170,Feb2006
171,Mar2006
172,Apr2006
173,May2006
174,Jun2006
175,Jul2006
176,Aug2006
177,Sep2006
178,Oct2006
179,Nov2006
180,Dec2006
181,Jan2007
182,Feb2007
183,Mar2007
184,Apr2007
185,May2007
186,Jun2007
187,Jul2007
188,Aug2007
189,Sep2007
190,Oct2007
191,Nov2007
192,Dec2007
193,Jan2008
194,Feb2008
195,Mar2008
196,Apr2008
197,May2008
198,Jun2008
199,Jul2008
200,Aug2008
201,Sep2008
202,Oct2008
203,Nov2008
204,Dec2008
205,Jan2009
206,Feb2009
207,Mar2009
208,Apr2009
209,May2009
210,Jun2009
211,Jul2009
212,Aug2009
213,Sep2009
214,Oct2009
215,Nov2009
216,Dec2009
217,Jan2010
218,Feb2010
219,Mar2010
220,Apr2010
221,May2010
222,Jun2010
223,Jul2010
224,Aug2010
225,Sep2010
226,Oct2010
227,Nov2010
228,Dec2010
229,Jan2011
230,Feb2011
231,Mar2011
232,Apr2011
233,May2011
234,Jun2011
235,Jul2011
236,Aug2011
237,Sep2011
238,Oct2011
239,Nov2011
240,Dec2011
241,Jan2012
242,Feb2012
243,Mar2012
244,Apr2012
245,May2012
246,Jun2012
247,Jul2012
248,Aug2012
249,Sep2012
250,Oct2012
251,Nov2012
252,Dec2012
253,Jan2013
254,Feb2013
255,Mar2013
256,Apr2013
257,May2013
258,Jun2013
259,Jul2013
260,Aug2013
261,Sep2013
262,Oct2013
263,Nov2013
264,Dec2013
265,Jan2014
266,Feb2014
267,Mar2014
268,Apr2014
269,May2014
270,Jun2014
271,Jul2014
272,Aug2014
273,Sep2014
274,Oct2014
275,Nov2014
276,Dec2014
277,Jan2015
278,Feb2015
279,Mar2015
280,Apr2015
281,May2015
282,Jun2015
283,Jul2015
284,Aug2015
285,Sep2015
286,Oct2015
287,Nov2015
288,Dec2015
289,Jan2016
290,Feb2016
291,Mar2016
292,Apr2016
293,May2016
294,Jun2016
295,Jul2016
296,Aug2016
297,Sep2016
298,Oct2016
299,Nov2016
300,Dec2016
301,Jan2017
302,Feb2017
303,Mar2017
304,Apr2017
305,May2017
306,Jun2017
307,Jul2017
308,Aug2017
309,Sep2017
310,Oct2017
311,Nov2017
312,Dec2017
313,Jan2018
314,Feb2018
315,Mar2018
316,Apr2018
317,May2018
318,Jun2018
319,Jul2018
320,Aug2018
321,Sep2018
322,Oct2018
323,Nov2018
324,Dec2018
325,Jan2019
326,Feb2019
327,Mar2019
328,Apr2019
329,May2019
330,Jun2019
331,Jul2019
332,Aug2019
333,Sep2019
334,Oct2019
335,Nov2019
336,Dec2019
337,Jan2020
338,Feb2020
339,Mar2020
340,Apr2020
341,May2020
342,Jun2020
343,Jul2020
344,Aug2020
345,Sep2020
346,Oct2020
347,Nov2020


NOTES
"For the U.S. International Trade in Goods and Services Press Release, prior month totals are subject to revision. For additional information on revisions visit http://www.census.gov/foreign-trade/guide/sec2.html#revisions  

For information on the reliability and use of the data, including important notes on nonsampling errors, seasonal adjustment, and other information pertinent to this economic indicator, visit the <a target=""_blank"" href=""http://www.census.gov/foreign-trade/Press-Release/current_press_release/ft900.pdf"">U.S. International Trade in Goods and Services Press Release</a> [PDF, 820KB], or refer to the <a target=""_blank"" href=""http://www.census.gov/foreign-trade/www/index.html"">Foreign Trade Statistics</a> website, which provides a link to more <a target=""
_blank"" href=""http://www.census.gov/foreign-trade/Press-Release/current_press_release/press.html#prior"">historical data</a> for this release."


"DATA UPDATED ON"
"Thursday, 07-Jan-21 08:25:21 EST"


DATA
per_idx,cat_idx,dt_idx,geo_idx,is_adj,val
1,1,1,1,1,-2026
1,1,2,1,1,50251
1,1,3,1,1,52277
1,2,1,1,0,-6210
1,2,2,1,0,33953
1,2,3,1,0,40163
2,1,1,1,1,-831
2,1,2,1,1,51682
2,1,3,1,1,52513
2,2,1,1,0,-3049
2,2,2,1,0,36179
2,2,3,1,0,39228
3,1,1,1,1,-2641
3,1,2,1,1,50294
3,1,3,1,1,52935
3,2,1,1,0,-4440
3,2,2,1,0,39061
3,2,3,1,0,43501
4,1,1,1,1,-3109
4,1,2,1,1,50302
4,1,3,1,1,53411
4,2,1,1,0,-6651
4,2,2,1,0,36530
4,2,3,1,0,43180
5,1,1,1,1,-3919
5,1,2,1,1,50044
5,1,3,1,1,53963
5,2,1,1,0,-6394
5,2,2,1,0,35996
5,2,3,1,0,42390
6,1,1,1,1,-2824
6,1,2,1,1,51727
6,1,3,1,1,54551
6,2,1,1,0,-7815
6,2,2,1,0,38332
6,2,3,1,0,46147
7,1,1,1,1,-2781
7,1,2,1,1,52533
7,1,3,1,1,55313
7,2,1,1,0,-10725
7,2,2,1,0,35438
7,2,3,1,0,46163
8,1,1,1,1,-4455
8,1,2,1,1,50940
8,1,3,1,1,55395
8,2,1,1,0,-11040
8,2,2,1,0,34170
8,2,3,1,0,45210
9,1,1,1,1,-3530
9,1,2,1,1,51984
9,1,3,1,1,55515
9,2,1,1,0,-10690
9,2,2,1,0,36141
9,2,3,1,0,46831
10,1,1,1,1,-3520
10,1,2,1,1,53035
10,1,3,1,1,56556
10,2,1,1,0,-10963
10,2,2,1,0,39574
10,2,3,1,0,50537
11,1,1,1,1,-3968
11,1,2,1,1,52246
11,1,3,1,1,56214
11,2,1,1,0,-9536
11,2,2,1,0,37022
11,2,3,1,0,46558
12,1,1,1,1,-5603
12,1,2,1,1,51843
12,1,3,1,1,57446
12,2,1,1,0,-8592
12,2,2,1,0,37960
12,2,3,1,0,46552
13,1,1,1,1,-3871
13,1,2,1,1,52568
13,1,3,1,1,56439
13,2,1,1,0,-7250
13,2,2,1,0,35296
13,2,3,1,0,42546
14,1,1,1,1,-3596
14,1,2,1,1,52480
14,1,3,1,1,56076
14,2,1,1,0,-6598
14,2,2,1,0,35403
14,2,3,1,0,42001
15,1,1,1,1,-6777
15,1,2,1,1,53035
15,1,3,1,1,59813
15,2,1,1,0,-10120
15,2,2,1,0,41464
15,2,3,1,0,51584
16,1,1,1,1,-6445
16,1,2,1,1,53139
16,1,3,1,1,59584
16,2,1,1,0,-9806
16,2,2,1,0,38740
16,2,3,1,0,48546
17,1,1,1,1,-4369
17,1,2,1,1,54229
17,1,3,1,1,58598
17,2,1,1,0,-7935
17,2,2,1,0,39171
17,2,3,1,0,47107
18,1,1,1,1,-6929
18,1,2,1,1,52346
18,1,3,1,1,59275
18,2,1,1,0,-12821
18,2,2,1,0,37938
18,2,3,1,0,50759
19,1,1,1,1,-6382
19,1,2,1,1,52818
19,1,3,1,1,59200
19,2,1,1,0,-14400
19,2,2,1,0,34733
19,2,3,1,0,49133
20,1,1,1,1,-5581
20,1,2,1,1,53224
20,1,3,1,1,58805
20,2,1,1,0,-13304
20,2,2,1,0,36098
20,2,3,1,0,49402
21,1,1,1,1,-7031
21,1,2,1,1,53648
21,1,3,1,1,60679
21,2,1,1,0,-14493
21,2,2,1,0,37250
21,2,3,1,0,51743
22,1,1,1,1,-6594
22,1,2,1,1,55476
22,1,3,1,1,62069
22,2,1,1,0,-14458
22,2,2,1,0,40476
22,2,3,1,0,54935
23,1,1,1,1,-7016
23,1,2,1,1,54345
23,1,3,1,1,61361
23,2,1,1,0,-12778
23,2,2,1,0,39561
23,2,3,1,0,52339
24,1,1,1,1,-5719
24,1,2,1,1,55552
24,1,3,1,1,61271
24,2,1,1,0,-8646
24,2,2,1,0,40703
24,2,3,1,0,49348
25,1,1,1,1,-5348
25,1,2,1,1,55281
25,1,3,1,1,60629
25,2,1,1,0,-10105
25,2,2,1,0,36814
25,2,3,1,0,46919
26,1,1,1,1,-7313
26,1,2,1,1,54172
26,1,3,1,1,61485
26,2,1,1,0,-11034
26,2,2,1,0,36410
26,2,3,1,0,47444
27,1,1,1,1,-3856
27,1,2,1,1,59532
27,1,3,1,1,63388
27,2,1,1,0,-10423
27,2,2,1,0,45360
27,2,3,1,0,55783
28,1,1,1,1,-6164
28,1,2,1,1,57700
28,1,3,1,1,63864
28,2,1,1,0,-11219
28,2,2,1,0,40836
28,2,3,1,0,52055
29,1,1,1,1,-6878
29,1,2,1,1,57974
29,1,3,1,1,64852
29,2,1,1,0,-12205
29,2,2,1,0,41343
29,2,3,1,0,53548
30,1,1,1,1,-7020
30,1,2,1,1,59784
30,1,3,1,1,66804
30,2,1,1,0,-14757
30,2,2,1,0,42592
30,2,3,1,0,57349
31,1,1,1,1,-8247
31,1,2,1,1,58972
31,1,3,1,1,67219
31,2,1,1,0,-16656
31,2,2,1,0,38405
31,2,3,1,0,55061
32,1,1,1,1,-7362
32,1,2,1,1,61262
32,1,3,1,1,68624
32,2,1,1,0,-17085
32,2,2,1,0,42583
32,2,3,1,0,59668
33,1,1,1,1,-8147
33,1,2,1,1,60767
33,1,3,1,1,68914
33,2,1,1,0,-16226
33,2,2,1,0,42880
33,2,3,1,0,59106
34,1,1,1,1,-8117
34,1,2,1,1,60977
34,1,3,1,1,69094
34,2,1,1,0,-17932
34,2,2,1,0,44322
34,2,3,1,0,62254
35,1,1,1,1,-8708
35,1,2,1,1,62294
35,1,3,1,1,71002
35,2,1,1,0,-16759
35,2,2,1,0,44846
35,2,3,1,0,61606
36,1,1,1,1,-6129
36,1,2,1,1,64309
36,1,3,1,1,70438
36,2,1,1,0,-11789
36,2,2,1,0,46006
36,2,3,1,0,57794
37,1,1,1,1,-7998
37,1,2,1,1,63916
37,1,3,1,1,71914
37,2,1,1,0,-14550
37,2,2,1,0,42995
37,2,3,1,0,57546
38,1,1,1,1,-7569
38,1,2,1,1,63643
38,1,3,1,1,71212
38,2,1,1,0,-11143
38,2,2,1,0,44315
38,2,3,1,0,55457
39,1,1,1,1,-7292
39,1,2,1,1,65726
39,1,3,1,1,73018
39,2,1,1,0,-12663
39,2,2,1,0,51803
39,2,3,1,0,64466
40,1,1,1,1,-8581
40,1,2,1,1,65593
40,1,3,1,1,74174
40,2,1,1,0,-13527
40,2,2,1,0,47156
40,2,3,1,0,60683
41,1,1,1,1,-7576
41,1,2,1,1,66418
41,1,3,1,1,73994
41,2,1,1,0,-15265
41,2,2,1,0,49096
41,2,3,1,0,64361
42,1,1,1,1,-8982
42,1,2,1,1,65512
42,1,3,1,1,74494
42,2,1,1,0,-16463
42,2,2,1,0,48546
42,2,3,1,0,65009
43,1,1,1,1,-7622
43,1,2,1,1,66672
43,1,3,1,1,74294
43,2,1,1,0,-18408
43,2,2,1,0,43670
43,2,3,1,0,62078
44,1,1,1,1,-5922
44,1,2,1,1,68008
44,1,3,1,1,73930
44,2,1,1,0,-16481
44,2,2,1,0,48218
44,2,3,1,0,64699
45,1,1,1,1,-4942
45,1,2,1,1,69802
45,1,3,1,1,74744
45,2,1,1,0,-14599
45,2,2,1,0,49060
45,2,3,1,0,63659
46,1,1,1,1,-5148
46,1,2,1,1,68966
46,1,3,1,1,74114
46,2,1,1,0,-16797
46,2,2,1,0,51027
46,2,3,1,0,67823
47,1,1,1,1,-4796
47,1,2,1,1,69416
47,1,3,1,1,74212
47,2,1,1,0,-13992
47,2,2,1,0,49906
47,2,3,1,0,63898
48,1,1,1,1,-4589
48,1,2,1,1,70250
48,1,3,1,1,74839
48,2,1,1,0,-9845
48,2,2,1,0,50052
48,2,3,1,0,59897
49,1,1,1,1,-7008
49,1,2,1,1,69020
49,1,3,1,1,76028
49,2,1,1,0,-15115
49,2,2,1,0,47072
49,2,3,1,0,62186
50,1,1,1,1,-5449
50,1,2,1,1,70551
50,1,3,1,1,76000
50,2,1,1,0,-10650
50,2,2,1,0,50323
50,2,3,1,0,60972
51,1,1,1,1,-5539
51,1,2,1,1,70672
51,1,3,1,1,76211
51,2,1,1,0,-10508
51,2,2,1,0,54074
51,2,3,1,0,64582
52,1,1,1,1,-6255
52,1,2,1,1,70680
52,1,3,1,1,76935
52,2,1,1,0,-15258
52,2,2,1,0,51023
52,2,3,1,0,66281
53,1,1,1,1,-7043
53,1,2,1,1,72127
53,1,3,1,1,79170
53,2,1,1,0,-15879
53,2,2,1,0,52231
53,2,3,1,0,68110
54,1,1,1,1,-6489
54,1,2,1,1,72020
54,1,3,1,1,78509
54,2,1,1,0,-14143
54,2,2,1,0,50934
54,2,3,1,0,65077
55,1,1,1,1,-8658
55,1,2,1,1,70704
55,1,3,1,1,79362
55,2,1,1,0,-21964
55,2,2,1,0,46151
55,2,3,1,0,68115
56,1,1,1,1,-8068
56,1,2,1,1,72207
56,1,3,1,1,80275
56,2,1,1,0,-18595
56,2,2,1,0,50213
56,2,3,1,0,68808
57,1,1,1,1,-8993
57,1,2,1,1,71868
57,1,3,1,1,80861
57,2,1,1,0,-19344
57,2,2,1,0,49284
57,2,3,1,0,68628
58,1,1,1,1,-5514
58,1,2,1,1,74937
58,1,3,1,1,80451
58,2,1,1,0,-19401
58,2,2,1,0,55040
58,2,3,1,0,74441
59,1,1,1,1,-5695
59,1,2,1,1,75688
59,1,3,1,1,81383
59,2,1,1,0,-14577
59,2,2,1,0,53735
59,2,3,1,0,68312
60,1,1,1,1,-8567
60,1,2,1,1,74089
60,1,3,1,1,82656
60,2,1,1,0,-15835
60,2,2,1,0,51978
60,2,3,1,0,67812
61,1,1,1,1,-9756
61,1,2,1,1,73554
61,1,3,1,1,83310
61,2,1,1,0,-17691
61,2,2,1,0,49840
61,2,3,1,0,67531
62,1,1,1,1,-7794
62,1,2,1,1,75832
62,1,3,1,1,83626
62,2,1,1,0,-13168
62,2,2,1,0,52347
62,2,3,1,0,65515
63,1,1,1,1,-5427
63,1,2,1,1,78041
63,1,3,1,1,83468
63,2,1,1,0,-11926
63,2,2,1,0,60140
63,2,3,1,0,72067
64,1,1,1,1,-6205
64,1,2,1,1,78513
64,1,3,1,1,84718
64,2,1,1,0,-14837
64,2,2,1,0,57369
64,2,3,1,0,72206
65,1,1,1,1,-6783
65,1,2,1,1,78997
65,1,3,1,1,85780
65,2,1,1,0,-14674
65,2,2,1,0,57662
65,2,3,1,0,72337
66,1,1,1,1,-5502
66,1,2,1,1,79936
66,1,3,1,1,85438
66,2,1,1,0,-15421
66,2,2,1,0,57055
66,2,3,1,0,72476
67,1,1,1,1,-6055
67,1,2,1,1,81144
67,1,3,1,1,87199
67,2,1,1,0,-21196
67,2,2,1,0,53899
67,2,3,1,0,75095
68,1,1,1,1,-7610
68,1,2,1,1,79978
68,1,3,1,1,87588
68,2,1,1,0,-17652
68,2,2,1,0,55577
68,2,3,1,0,73229
69,1,1,1,1,-8475
69,1,2,1,1,80178
69,1,3,1,1,88653
69,2,1,1,0,-20382
69,2,2,1,0,56706
69,2,3,1,0,77089
70,1,1,1,1,-8145
70,1,2,1,1,80493
70,1,3,1,1,88638
70,2,1,1,0,-20368
70,2,2,1,0,61329
70,2,3,1,0,81697
71,1,1,1,1,-8863
71,1,2,1,1,78975
71,1,3,1,1,87838
71,2,1,1,0,-14932
71,2,2,1,0,57440
71,2,3,1,0,72372
72,1,1,1,1,-9748
72,1,2,1,1,79631
72,1,3,1,1,89379
72,2,1,1,0,-16182
72,2,2,1,0,58998
72,2,3,1,0,75180
73,1,1,1,1,-8987
73,1,2,1,1,79804
73,1,3,1,1,88791
73,2,1,1,0,-16522
73,2,2,1,0,54371
73,2,3,1,0,70892
74,1,1,1,1,-9990
74,1,2,1,1,78760
74,1,3,1,1,88750
74,2,1,1,0,-14377
74,2,2,1,0,54343
74,2,3,1,0,68720
75,1,1,1,1,-11147
75,1,2,1,1,79692
75,1,3,1,1,90839
75,2,1,1,0,-17291
75,2,2,1,0,61421
75,2,3,1,0,78712
76,1,1,1,1,-12788
76,1,2,1,1,78411
76,1,3,1,1,91199
76,2,1,1,0,-20269
76,2,2,1,0,55882
76,2,3,1,0,76151
77,1,1,1,1,-13215
77,1,2,1,1,78060
77,1,3,1,1,91275
77,2,1,1,0,-18665
77,2,2,1,0,55730
77,2,3,1,0,74395
78,1,1,1,1,-12056
78,1,2,1,1,77849
78,1,3,1,1,89905
78,2,1,1,0,-21283
78,2,2,1,0,56095
78,2,3,1,0,77378
79,1,1,1,1,-12750
79,1,2,1,1,77008
79,1,3,1,1,89758
79,2,1,1,0,-26129
79,2,2,1,0,50709
79,2,3,1,0,76838
80,1,1,1,1,-14265
80,1,2,1,1,76648
80,1,3,1,1,90913
80,2,1,1,0,-24515
80,2,2,1,0,52319
80,2,3,1,0,76833
81,1,1,1,1,-13507
81,1,2,1,1,78013
81,1,3,1,1,91520
81,2,1,1,0,-24342
81,2,2,1,0,54795
81,2,3,1,0,79137
82,1,1,1,1,-13150
82,1,2,1,1,80520
82,1,3,1,1,93670
82,2,1,1,0,-24275
82,2,2,1,0,60176
82,2,3,1,0,84451
83,1,1,1,1,-12909
83,1,2,1,1,80592
83,1,3,1,1,93501
83,2,1,1,0,-21761
83,2,2,1,0,56940
83,2,3,1,0,78701
84,1,1,1,1,-12914
84,1,2,1,1,79538
84,1,3,1,1,92452
84,2,1,1,0,-18793
84,2,2,1,0,57636
84,2,3,1,0,76429
85,1,1,1,1,-15612
85,1,2,1,1,78457
85,1,3,1,1,94069
85,2,1,1,0,-19904
85,2,2,1,0,52431
85,2,3,1,0,72335
86,1,1,1,1,-18152
86,1,2,1,1,78164
86,1,3,1,1,96316
86,2,1,1,0,-21052
86,2,2,1,0,53367
86,2,3,1,0,74419
87,1,1,1,1,-17476
87,1,2,1,1,78699
87,1,3,1,1,96175
87,2,1,1,0,-23590
87,2,2,1,0,61146
87,2,3,1,0,84735
88,1,1,1,1,-17977
88,1,2,1,1,79524
88,1,3,1,1,97501
88,2,1,1,0,-23017
88,2,2,1,0,57644
88,2,3,1,0,80662
89,1,1,1,1,-20442
89,1,2,1,1,79514
89,1,3,1,1,99956
89,2,1,1,0,-24869
89,2,2,1,0,56717
89,2,3,1,0,81586
90,1,1,1,1,-23084
90,1,2,1,1,79780
90,1,3,1,1,102864
90,2,1,1,0,-30556
90,2,2,1,0,58074
90,2,3,1,0,88630
91,1,1,1,1,-23360
91,1,2,1,1,81106
91,1,3,1,1,104466
91,2,1,1,0,-34252
91,2,2,1,0,53262
91,2,3,1,0,87514
92,1,1,1,1,-22945
92,1,2,1,1,82662
92,1,3,1,1,105608
92,2,1,1,0,-33158
92,2,2,1,0,57721
92,2,3,1,0,90879
93,1,1,1,1,-23031
93,1,2,1,1,83740
93,1,3,1,1,106770
93,2,1,1,0,-32365
93,2,2,1,0,59363
93,2,3,1,0,91728
94,1,1,1,1,-23779
94,1,2,1,1,83961
94,1,3,1,1,107740
94,2,1,1,0,-32261
94,2,2,1,0,63241
94,2,3,1,0,95502
95,1,1,1,1,-24828
95,1,2,1,1,84664
95,1,3,1,1,109492
95,2,1,1,0,-33427
95,2,2,1,0,61606
95,2,3,1,0,95034
96,1,1,1,1,-25123
96,1,2,1,1,86254
96,1,3,1,1,111377
96,2,1,1,0,-28614
96,2,2,1,0,63952
96,2,3,1,0,92566
97,1,1,1,1,-26506
97,1,2,1,1,85997
97,1,3,1,1,112502
97,2,1,1,0,-30854
97,2,2,1,0,57615
97,2,3,1,0,88469
98,1,1,1,1,-28640
98,1,2,1,1,86471
98,1,3,1,1,115111
98,2,1,1,0,-32031
98,2,2,1,0,61119
98,2,3,1,0,93150
99,1,1,1,1,-30115
99,1,2,1,1,88103
99,1,3,1,1,118218
99,2,1,1,0,-35182
99,2,2,1,0,69343
99,2,3,1,0,104525
100,1,1,1,1,-28741
100,1,2,1,1,89351
100,1,3,1,1,118091
100,2,1,1,0,-32217
100,2,2,1,0,63782
100,2,3,1,0,95998
101,1,1,1,1,-29906
101,1,2,1,1,88944
101,1,3,1,1,118849
101,2,1,1,0,-36981
101,2,2,1,0,65052
101,2,3,1,0,102033
102,1,1,1,1,-30907
102,1,2,1,1,91607
102,1,3,1,1,122514
102,2,1,1,0,-37282
102,2,2,1,0,68345
102,2,3,1,0,105626
103,1,1,1,1,-31872
103,1,2,1,1,91167
103,1,3,1,1,123039
103,2,1,1,0,-42443
103,2,2,1,0,60358
103,2,3,1,0,102801
104,1,1,1,1,-30581
104,1,2,1,1,93136
104,1,3,1,1,123717
104,2,1,1,0,-40677
104,2,2,1,0,68459
104,2,3,1,0,109136
105,1,1,1,1,-33891
105,1,2,1,1,92911
105,1,3,1,1,126802
105,2,1,1,0,-39861
105,2,2,1,0,67737
105,2,3,1,0,107598
106,1,1,1,1,-34025
106,1,2,1,1,92231
106,1,3,1,1,126257
106,2,1,1,0,-45201
106,2,2,1,0,69886
106,2,3,1,0,115087
107,1,1,1,1,-32242
107,1,2,1,1,91933
107,1,3,1,1,124176
107,2,1,1,0,-39915
107,2,2,1,0,67789
107,2,3,1,0,107704
108,1,1,1,1,-32258
108,1,2,1,1,91113
108,1,3,1,1,123372
108,2,1,1,0,-34140
108,2,2,1,0,65456
108,2,3,1,0,99596
109,1,1,1,1,-35202
109,1,2,1,1,90795
109,1,3,1,1,125998
109,2,1,1,0,-40833
109,2,2,1,0,62250
109,2,3,1,0,103083
110,1,1,1,1,-29300
110,1,2,1,1,91101
110,1,3,1,1,120401
110,2,1,1,0,-29926
110,2,2,1,0,62872
110,2,3,1,0,92798
111,1,1,1,1,-32811
111,1,2,1,1,89251
111,1,3,1,1,122062
111,2,1,1,0,-34252
111,2,2,1,0,70516
111,2,3,1,0,104768
112,1,1,1,1,-30521
112,1,2,1,1,87903
112,1,3,1,1,118424
112,2,1,1,0,-34983
112,2,2,1,0,62484
112,2,3,1,0,97467
113,1,1,1,1,-27095
113,1,2,1,1,88477
113,1,3,1,1,115572
113,2,1,1,0,-32920
113,2,2,1,0,65047
113,2,3,1,0,97967
114,1,1,1,1,-29150
114,1,2,1,1,85939
114,1,3,1,1,115089
114,2,1,1,0,-33291
114,2,2,1,0,63599
114,2,3,1,0,96889
115,1,1,1,1,-29903
115,1,2,1,1,83201
115,1,3,1,1,113104
115,2,1,1,0,-40788
115,2,2,1,0,54758
115,2,3,1,0,95545
116,1,1,1,1,-28094
116,1,2,1,1,83881
116,1,3,1,1,111975
116,2,1,1,0,-37064
116,2,2,1,0,60501
116,2,3,1,0,97566
117,1,1,1,1,-30217
117,1,2,1,1,79509
117,1,3,1,1,109726
117,2,1,1,0,-35001
117,2,2,1,0,55416
117,2,3,1,0,90417
118,1,1,1,1,-30588
118,1,2,1,1,79062
118,1,3,1,1,109650
118,2,1,1,0,-41285
118,2,2,1,0,60791
118,2,3,1,0,102077
119,1,1,1,1,-30004
119,1,2,1,1,78446
119,1,3,1,1,108449
119,2,1,1,0,-34586
119,2,2,1,0,57994
119,2,3,1,0,92580
120,1,1,1,1,-27488
120,1,2,1,1,77800
120,1,3,1,1,105288
120,2,1,1,0,-27439
120,2,2,1,0,55102
120,2,3,1,0,82542
121,1,1,1,1,-29677
121,1,2,1,1,79260
121,1,3,1,1,108937
121,2,1,1,0,-32718
121,2,2,1,0,53149
121,2,3,1,0,85867
122,1,1,1,1,-32501
122,1,2,1,1,79264
122,1,3,1,1,111765
122,2,1,1,0,-30770
122,2,2,1,0,53451
122,2,3,1,0,84220
123,1,1,1,1,-31162
123,1,2,1,1,80345
123,1,3,1,1,111506
123,2,1,1,0,-31295
123,2,2,1,0,61011
123,2,3,1,0,92306
124,1,1,1,1,-33964
124,1,2,1,1,82072
124,1,3,1,1,116036
124,2,1,1,0,-39360
124,2,2,1,0,58565
124,2,3,1,0,97925
125,1,1,1,1,-34026
125,1,2,1,1,82427
125,1,3,1,1,116453
125,2,1,1,0,-38746
125,2,2,1,0,59929
125,2,3,1,0,98675
126,1,1,1,1,-34732
126,1,2,1,1,83564
126,1,3,1,1,118296
126,2,1,1,0,-37096
126,2,2,1,0,60396
126,2,3,1,0,97492
127,1,1,1,1,-33913
127,1,2,1,1,83724
127,1,3,1,1,117636
127,2,1,1,0,-46044
127,2,2,1,0,55513
127,2,3,1,0,101557
128,1,1,1,1,-36386
128,1,2,1,1,83689
128,1,3,1,1,120075
128,2,1,1,0,-43348
128,2,2,1,0,59964
128,2,3,1,0,103313
129,1,1,1,1,-36088
129,1,2,1,1,83487
129,1,3,1,1,119575
129,2,1,1,0,-42598
129,2,2,1,0,57914
129,2,3,1,0,100512
130,1,1,1,1,-35094
130,1,2,1,1,82768
130,1,3,1,1,117861
130,2,1,1,0,-45051
130,2,2,1,0,62340
130,2,3,1,0,107391
131,1,1,1,1,-39516
131,1,2,1,1,83919
131,1,3,1,1,123435
131,2,1,1,0,-43457
131,2,2,1,0,60143
131,2,3,1,0,103600
132,1,1,1,1,-43608
132,1,2,1,1,81578
132,1,3,1,1,125186
132,2,1,1,0,-44764
132,2,2,1,0,55659
132,2,3,1,0,100423
133,1,1,1,1,-41155
133,1,2,1,1,82513
133,1,3,1,1,123668
133,2,1,1,0,-43062
133,2,2,1,0,55454
133,2,3,1,0,98516
134,1,1,1,1,-40081
134,1,2,1,1,83095
134,1,3,1,1,123176
134,2,1,1,0,-37764
134,2,2,1,0,56422
134,2,3,1,0,94186
135,1,1,1,1,-43807
135,1,2,1,1,83156
135,1,3,1,1,126963
135,2,1,1,0,-43170
135,2,2,1,0,63899
135,2,3,1,0,107070
136,1,1,1,1,-42037
136,1,2,1,1,82566
136,1,3,1,1,124602
136,2,1,1,0,-45739
136,2,2,1,0,59396
136,2,3,1,0,105136
137,1,1,1,1,-41046
137,1,2,1,1,82630
137,1,3,1,1,123676
137,2,1,1,0,-42869
137,2,2,1,0,60482
137,2,3,1,0,103351
138,1,1,1,1,-39696
138,1,2,1,1,85173
138,1,3,1,1,124870
138,2,1,1,0,-43461
138,2,2,1,0,61924
138,2,3,1,0,105385
139,1,1,1,1,-41321
139,1,2,1,1,85944
139,1,3,1,1,127264
139,2,1,1,0,-51094
139,2,2,1,0,57617
139,2,3,1,0,108711
140,1,1,1,1,-39892
140,1,2,1,1,84905
140,1,3,1,1,124797
140,2,1,1,0,-44458
140,2,2,1,0,59200
140,2,3,1,0,103659
141,1,1,1,1,-41842
141,1,2,1,1,86969
141,1,3,1,1,128811
141,2,1,1,0,-49028
141,2,2,1,0,60630
141,2,3,1,0,109658
142,1,1,1,1,-41388
142,1,2,1,1,88890
142,1,3,1,1,130278
142,2,1,1,0,-51402
142,2,2,1,0,67041
142,2,3,1,0,118443
143,1,1,1,1,-39898
143,1,2,1,1,91322
143,1,3,1,1,131220
143,2,1,1,0,-42609
143,2,2,1,0,64798
143,2,3,1,0,107408
144,1,1,1,1,-44079
144,1,2,1,1,91024
144,1,3,1,1,135103
144,2,1,1,0,-46985
144,2,2,1,0,63581
144,2,3,1,0,110566
145,1,1,1,1,-44646
145,1,2,1,1,90564
145,1,3,1,1,135209
145,2,1,1,0,-45704
145,2,2,1,0,59447
145,2,3,1,0,105151
146,1,1,1,1,-44551
146,1,2,1,1,94131
146,1,3,1,1,138683
146,2,1,1,0,-42594
146,2,2,1,0,63658
146,2,3,1,0,106253
147,1,1,1,1,-46754
147,1,2,1,1,96707
147,1,3,1,1,143461
147,2,1,1,0,-50301
147,2,2,1,0,74465
147,2,3,1,0,124766
148,1,1,1,1,-47284
148,1,2,1,1,96398
148,1,3,1,1,143682
148,2,1,1,0,-51992
148,2,2,1,0,68318
148,2,3,1,0,120310
149,1,1,1,1,-47552
149,1,2,1,1,98197
149,1,3,1,1,145749
149,2,1,1,0,-49511
149,2,2,1,0,70100
149,2,3,1,0,119611
150,1,1,1,1,-54168
150,1,2,1,1,95773
150,1,3,1,1,149941
150,2,1,1,0,-60201
150,2,2,1,0,69049
150,2,3,1,0,129250
151,1,1,1,1,-51606
151,1,2,1,1,96907
151,1,3,1,1,148513
151,2,1,1,0,-60093
151,2,2,1,0,64789
151,2,3,1,0,124881
152,1,1,1,1,-53647
152,1,2,1,1,97295
152,1,3,1,1,150942
152,2,1,1,0,-60867
152,2,2,1,0,68057
152,2,3,1,0,128923
153,1,1,1,1,-51686
153,1,2,1,1,98782
153,1,3,1,1,150468
153,2,1,1,0,-57891
153,2,2,1,0,69802
153,2,3,1,0,127693
154,1,1,1,1,-55058
154,1,2,1,1,100494
154,1,3,1,1,155552
154,2,1,1,0,-62758
154,2,2,1,0,73861
154,2,3,1,0,136618
155,1,1,1,1,-58967
155,1,2,1,1,100090
155,1,3,1,1,159057
155,2,1,1,0,-66519
155,2,2,1,0,70050
155,2,3,1,0,136568
156,1,1,1,1,-54918
156,1,2,1,1,102781
156,1,3,1,1,157699
156,2,1,1,0,-56336
156,2,2,1,0,71989
156,2,3,1,0,128326
157,1,1,1,1,-56189
157,1,2,1,1,103206
157,1,3,1,1,159395
157,2,1,1,0,-57492
157,2,2,1,0,67124
157,2,3,1,0,124616
158,1,1,1,1,-58095
158,1,2,1,1,104010
158,1,3,1,1,162104
158,2,1,1,0,-54628
158,2,2,1,0,69200
158,2,3,1,0,123828
159,1,1,1,1,-53134
159,1,2,1,1,105098
159,1,3,1,1,158231
159,2,1,1,0,-56813
159,2,2,1,0,80398
159,2,3,1,0,137211
160,1,1,1,1,-57312
160,1,2,1,1,107268
160,1,3,1,1,164580
160,2,1,1,0,-60472
160,2,2,1,0,76857
160,2,3,1,0,137329
161,1,1,1,1,-56040
161,1,2,1,1,107079
161,1,3,1,1,163120
161,2,1,1,0,-61390
161,2,2,1,0,76566
161,2,3,1,0,137956
162,1,1,1,1,-58152
162,1,2,1,1,107033
162,1,3,1,1,165185
162,2,1,1,0,-64759
162,2,2,1,0,78400
162,2,3,1,0,143159
163,1,1,1,1,-58301
163,1,2,1,1,107082
163,1,3,1,1,165383
163,2,1,1,0,-67090
163,2,2,1,0,71350
163,2,3,1,0,138441
164,1,1,1,1,-58745
164,1,2,1,1,108475
164,1,3,1,1,167220
164,2,1,1,0,-70669
164,2,2,1,0,77648
164,2,3,1,0,148318
165,1,1,1,1,-64883
165,1,2,1,1,107156
165,1,3,1,1,172039
165,2,1,1,0,-72727
165,2,2,1,0,75441
165,2,3,1,0,148168
166,1,1,1,1,-67266
166,1,2,1,1,109813
166,1,3,1,1,177078
166,2,1,1,0,-77863
166,2,2,1,0,80353
166,2,3,1,0,158216
167,1,1,1,1,-63859
167,1,2,1,1,111462
167,1,3,1,1,175321
167,2,1,1,0,-72999
167,2,2,1,0,79317
167,2,3,1,0,152316
168,1,1,1,1,-64569
168,1,2,1,1,113822
168,1,3,1,1,178391
168,2,1,1,0,-65900
168,2,2,1,0,80361
168,2,3,1,0,146261
169,1,1,1,1,-66966
169,1,2,1,1,115831
169,1,3,1,1,182797
169,2,1,1,0,-70693
169,2,2,1,0,75714
169,2,3,1,0,146407
170,1,1,1,1,-62308
170,1,2,1,1,116871
170,1,3,1,1,179180
170,2,1,1,0,-58148
170,2,2,1,0,78238
170,2,3,1,0,136385
171,1,1,1,1,-62396
171,1,2,1,1,118821
171,1,3,1,1,181217
171,2,1,1,0,-63765
171,2,2,1,0,92246
171,2,3,1,0,156011
172,1,1,1,1,-62602
172,1,2,1,1,119611
172,1,3,1,1,182213
172,2,1,1,0,-65033
172,2,2,1,0,83889
172,2,3,1,0,148922
173,1,1,1,1,-64818
173,1,2,1,1,121155
173,1,3,1,1,185973
173,2,1,1,0,-73037
173,2,2,1,0,88222
173,2,3,1,0,161258
174,1,1,1,1,-63799
174,1,2,1,1,122726
174,1,3,1,1,186526
174,2,1,1,0,-71628
174,2,2,1,0,91051
174,2,3,1,0,162680
175,1,1,1,1,-66909
175,1,2,1,1,120430
175,1,3,1,1,187339
175,2,1,1,0,-79193
175,2,2,1,0,80776
175,2,3,1,0,159969
176,1,1,1,1,-68277
176,1,2,1,1,122780
176,1,3,1,1,191057
176,2,1,1,0,-80436
176,2,2,1,0,89533
176,2,3,1,0,169969
177,1,1,1,1,-65095
177,1,2,1,1,124052
177,1,3,1,1,189146
177,2,1,1,0,-71818
177,2,2,1,0,88803
177,2,3,1,0,160621
178,1,1,1,1,-59539
178,1,2,1,1,125532
178,1,3,1,1,185072
178,2,1,1,0,-73265
178,2,2,1,0,92783
178,2,3,1,0,166048
179,1,1,1,1,-58939
179,1,2,1,1,127388
179,1,3,1,1,186327
179,2,1,1,0,-68263
179,2,2,1,0,90823
179,2,3,1,0,159086
180,1,1,1,1,-61882
180,1,2,1,1,128795
180,1,3,1,1,190677
180,2,1,1,0,-62009
180,2,2,1,0,88828
180,2,3,1,0,150837
181,1,1,1,1,-58013
181,1,2,1,1,130648
181,1,3,1,1,188661
181,2,1,1,0,-66289
181,2,2,1,0,86424
181,2,3,1,0,152714
182,1,1,1,1,-58479
182,1,2,1,1,129481
182,1,3,1,1,187960
182,2,1,1,0,-56165
182,2,2,1,0,85324
182,2,3,1,0,141489
183,1,1,1,1,-62183
183,1,2,1,1,133835
183,1,3,1,1,196018
183,2,1,1,0,-63628
183,2,2,1,0,100556
183,2,3,1,0,164184
184,1,1,1,1,-60494
184,1,2,1,1,133351
184,1,3,1,1,193845
184,2,1,1,0,-67231
184,2,2,1,0,92014
184,2,3,1,0,159245
185,1,1,1,1,-59572
185,1,2,1,1,135835
185,1,3,1,1,195406
185,2,1,1,0,-67731
185,2,2,1,0,98105
185,2,3,1,0,165836
186,1,1,1,1,-59998
186,1,2,1,1,137312
186,1,3,1,1,197310
186,2,1,1,0,-67491
186,2,2,1,0,99109
186,2,3,1,0,166601
187,1,1,1,1,-60246
187,1,2,1,1,138546
187,1,3,1,1,198792
187,2,1,1,0,-77402
187,2,2,1,0,92031
187,2,3,1,0,169433
188,1,1,1,1,-57214
188,1,2,1,1,141519
188,1,3,1,1,198733
188,2,1,1,0,-72118
188,2,2,1,0,101204
188,2,3,1,0,173322
189,1,1,1,1,-58159
189,1,2,1,1,142069
189,1,3,1,1,200228
189,2,1,1,0,-66843
189,2,2,1,0,98550
189,2,3,1,0,165393
190,1,1,1,1,-57666
190,1,2,1,1,144525
190,1,3,1,1,202191
190,2,1,1,0,-78117
190,2,2,1,0,106653
190,2,3,1,0,184770
191,1,1,1,1,-60683
191,1,2,1,1,146264
191,1,3,1,1,206947
191,2,1,1,0,-74720
191,2,2,1,0,103378
191,2,3,1,0,178098
192,1,1,1,1,-58290
192,1,2,1,1,147428
192,1,3,1,1,205719
192,2,1,1,0,-63460
192,2,2,1,0,101802
192,2,3,1,0,165262
193,1,1,1,1,-61339
193,1,2,1,1,151094
193,1,3,1,1,212433
193,2,1,1,0,-70300
193,2,2,1,0,100801
193,2,3,1,0,171101
194,1,1,1,1,-64226
194,1,2,1,1,153660
194,1,3,1,1,217886
194,2,1,1,0,-62397
194,2,2,1,0,106211
194,2,3,1,0,168607
195,1,1,1,1,-60200
195,1,2,1,1,152900
195,1,3,1,1,213100
195,2,1,1,0,-62024
195,2,2,1,0,112798
195,2,3,1,0,174823
196,1,1,1,1,-63732
196,1,2,1,1,157363
196,1,3,1,1,221095
196,2,1,1,0,-74113
196,2,2,1,0,111726
196,2,3,1,0,185839
197,1,1,1,1,-62311
197,1,2,1,1,159081
197,1,3,1,1,221392
197,2,1,1,0,-71224
197,2,2,1,0,114779
197,2,3,1,0,186003
198,1,1,1,1,-60889
198,1,2,1,1,164072
198,1,3,1,1,224962
198,2,1,1,0,-74434
198,2,2,1,0,118833
198,2,3,1,0,193267
199,1,1,1,1,-66989
199,1,2,1,1,166232
199,1,3,1,1,233221
199,2,1,1,0,-89721
199,2,2,1,0,116478
199,2,3,1,0,206199
200,1,1,1,1,-62394
200,1,2,1,1,163335
200,1,3,1,1,225729
200,2,1,1,0,-75039
200,2,2,1,0,118073
200,2,3,1,0,193112
201,1,1,1,1,-60293
201,1,2,1,1,154611
201,1,3,1,1,214904
201,2,1,1,0,-75950
201,2,2,1,0,108156
201,2,3,1,0,184106
202,1,1,1,1,-60879
202,1,2,1,1,151854
202,1,3,1,1,212732
202,2,1,1,0,-75810
202,2,2,1,0,112894
202,2,3,1,0,188704
203,1,1,1,1,-45133
203,1,2,1,1,142973
203,1,3,1,1,188105
203,2,1,1,0,-51501
203,2,2,1,0,98383
203,2,3,1,0,149885
204,1,1,1,1,-43967
204,1,2,1,1,132410
204,1,3,1,1,176377
204,2,1,1,0,-49979
204,2,2,1,0,89663
204,2,3,1,0,139642
205,1,1,1,1,-39342
205,1,2,1,1,125859
205,1,3,1,1,165201
205,2,1,1,0,-44678
205,2,2,1,0,79409
205,2,3,1,0,124087
206,1,1,1,1,-28778
206,1,2,1,1,127893
206,1,3,1,1,156671
206,2,1,1,0,-29080
206,2,2,1,0,81408
206,2,3,1,0,110488
207,1,1,1,1,-30193
207,1,2,1,1,126478
207,1,3,1,1,156670
207,2,1,1,0,-34100
207,2,2,1,0,88767
207,2,3,1,0,122867
208,1,1,1,1,-30474
208,1,2,1,1,125323
208,1,3,1,1,155797
208,2,1,1,0,-38083
208,2,2,1,0,82352
208,2,3,1,0,120435
209,1,1,1,1,-25840
209,1,2,1,1,127342
209,1,3,1,1,153181
209,2,1,1,0,-32895
209,2,2,1,0,84821
209,2,3,1,0,117716
210,1,1,1,1,-27151
210,1,2,1,1,129796
210,1,3,1,1,156947
210,2,1,1,0,-40757
210,2,2,1,0,88061
210,2,3,1,0,128818
211,1,1,1,1,-33307
211,1,2,1,1,131878
211,1,3,1,1,165185
211,2,1,1,0,-50811
211,2,2,1,0,86589
211,2,3,1,0,137400
212,1,1,1,1,-31674
212,1,2,1,1,132567
212,1,3,1,1,164240
212,2,1,1,0,-44828
212,2,2,1,0,88367
212,2,3,1,0,133196
213,1,1,1,1,-35247
213,1,2,1,1,137047
213,1,3,1,1,172294
213,2,1,1,0,-50297
213,2,2,1,0,92545
213,2,3,1,0,142842
214,1,1,1,1,-34959
214,1,2,1,1,141055
214,1,3,1,1,176014
214,2,1,1,0,-47981
214,2,2,1,0,101017
214,2,3,1,0,148998
215,1,1,1,1,-38380
215,1,2,1,1,142075
215,1,3,1,1,180456
215,2,1,1,0,-48969
215,2,2,1,0,96240
215,2,3,1,0,145209
216,1,1,1,1,-39426
216,1,2,1,1,145480
216,1,3,1,1,184906
216,2,1,1,0,-47214
216,2,2,1,0,100756
216,2,3,1,0,147970
217,1,1,1,1,-37744
217,1,2,1,1,145718
217,1,3,1,1,183463
217,2,1,1,0,-44632
217,2,2,1,0,93513
217,2,3,1,0,138145
218,1,1,1,1,-41504
218,1,2,1,1,146849
218,1,3,1,1,188353
218,2,1,1,0,-41020
218,2,2,1,0,94794
218,2,3,1,0,135814
219,1,1,1,1,-40270
219,1,2,1,1,151080
219,1,3,1,1,191351
219,2,1,1,0,-48327
219,2,2,1,0,111443
219,2,3,1,0,159770
220,1,1,1,1,-41496
220,1,2,1,1,150006
220,1,3,1,1,191502
220,2,1,1,0,-51806
220,2,2,1,0,103498
220,2,3,1,0,155304
221,1,1,1,1,-42088
221,1,2,1,1,153819
221,1,3,1,1,195907
221,2,1,1,0,-51636
221,2,2,1,0,106516
221,2,3,1,0,158152
222,1,1,1,1,-47316
222,1,2,1,1,153326
222,1,3,1,1,200641
222,2,1,1,0,-62553
222,2,2,1,0,108034
222,2,3,1,0,170586
223,1,1,1,1,-41610
223,1,2,1,1,156763
223,1,3,1,1,198373
223,2,1,1,0,-60852
223,2,2,1,0,105024
223,2,3,1,0,165876
224,1,1,1,1,-45619
224,1,2,1,1,157769
224,1,3,1,1,203388
224,2,1,1,0,-65217
224,2,2,1,0,107793
224,2,3,1,0,173010
225,1,1,1,1,-44334
225,1,2,1,1,158624
225,1,3,1,1,202958
225,2,1,1,0,-60702
225,2,2,1,0,108574
225,2,3,1,0,169276
226,1,1,1,1,-40647
226,1,2,1,1,164234
226,1,3,1,1,204881
226,2,1,1,0,-54245
226,2,2,1,0,118270
226,2,3,1,0,172515
227,1,1,1,1,-38739
227,1,2,1,1,165621
227,1,3,1,1,204360
227,2,1,1,0,-56924
227,2,2,1,0,114223
227,2,3,1,0,171148
228,1,1,1,1,-41722
228,1,2,1,1,168510
228,1,3,1,1,210232
228,2,1,1,0,-50757
228,2,2,1,0,118598
228,2,3,1,0,169355
229,1,1,1,1,-48123
229,1,2,1,1,169897
229,1,3,1,1,218020
229,2,1,1,0,-58106
229,2,2,1,0,111358
229,2,3,1,0,169464
230,1,1,1,1,-44753
230,1,2,1,1,168665
230,1,3,1,1,213418
230,2,1,1,0,-47903
230,2,2,1,0,110775
230,2,3,1,0,158677
231,1,1,1,1,-44313
231,1,2,1,1,176676
231,1,3,1,1,220988
231,2,1,1,0,-55387
231,2,2,1,0,133111
231,2,3,1,0,188498
232,1,1,1,1,-42685
232,1,2,1,1,178839
232,1,3,1,1,221523
232,2,1,1,0,-55363
232,2,2,1,0,125520
232,2,3,1,0,180883
233,1,1,1,1,-47724
233,1,2,1,1,178856
233,1,3,1,1,226581
233,2,1,1,0,-66027
233,2,2,1,0,125712
233,2,3,1,0,191739
234,1,1,1,1,-49882
234,1,2,1,1,176894
234,1,3,1,1,226777
234,2,1,1,0,-68084
234,2,2,1,0,126345
234,2,3,1,0,194429
235,1,1,1,1,-46070
235,1,2,1,1,181502
235,1,3,1,1,227572
235,2,1,1,0,-68313
235,2,2,1,0,121660
235,2,3,1,0,189972
236,1,1,1,1,-45052
236,1,2,1,1,182475
236,1,3,1,1,227527
236,2,1,1,0,-70978
236,2,2,1,0,128120
236,2,3,1,0,199098
237,1,1,1,1,-43477
237,1,2,1,1,183858
237,1,3,1,1,227334
237,2,1,1,0,-64109
237,2,2,1,0,128354
237,2,3,1,0,192463
238,1,1,1,1,-45510
238,1,2,1,1,182681
238,1,3,1,1,228191
238,2,1,1,0,-62225
238,2,2,1,0,132597
238,2,3,1,0,194821
239,1,1,1,1,-47461
239,1,2,1,1,180797
239,1,3,1,1,228258
239,2,1,1,0,-65770
239,2,2,1,0,127096
239,2,3,1,0,192865
240,1,1,1,1,-49474
240,1,2,1,1,182411
240,1,3,1,1,231885
240,2,1,1,0,-58736
240,2,2,1,0,128239
240,2,3,1,0,186975
241,1,1,1,1,-50126
241,1,2,1,1,182425
241,1,3,1,1,232551
241,2,1,1,0,-66802
241,2,2,1,0,119192
241,2,3,1,0,185993
242,1,1,1,1,-42780
242,1,2,1,1,185085
242,1,3,1,1,227865
242,2,1,1,0,-48970
242,2,2,1,0,125020
242,2,3,1,0,173989
243,1,1,1,1,-49749
243,1,2,1,1,188511
243,1,3,1,1,238260
243,2,1,1,0,-58070
243,2,2,1,0,141675
243,2,3,1,0,199745
244,1,1,1,1,-46842
244,1,2,1,1,187092
244,1,3,1,1,233934
244,2,1,1,0,-62826
244,2,2,1,0,128912
244,2,3,1,0,191738
245,1,1,1,1,-45106
245,1,2,1,1,187375
245,1,3,1,1,232481
245,2,1,1,0,-68044
245,2,2,1,0,132645
245,2,3,1,0,200689
246,1,1,1,1,-42941
246,1,2,1,1,187247
246,1,3,1,1,230188
246,2,1,1,0,-60160
246,2,2,1,0,133917
246,2,3,1,0,194077
247,1,1,1,1,-42406
247,1,2,1,1,186714
247,1,3,1,1,229120
247,2,1,1,0,-72163
247,2,2,1,0,122933
247,2,3,1,0,195097
248,1,1,1,1,-44030
248,1,2,1,1,184999
248,1,3,1,1,229029
248,2,1,1,0,-67294
248,2,2,1,0,130006
248,2,3,1,0,197301
249,1,1,1,1,-38794
249,1,2,1,1,191182
249,1,3,1,1,229976
249,2,1,1,0,-58294
249,2,2,1,0,129706
249,2,3,1,0,188000
250,1,1,1,1,-41467
250,1,2,1,1,186133
250,1,3,1,1,227600
250,2,1,1,0,-66097
250,2,2,1,0,135071
250,2,3,1,0,201167
251,1,1,1,1,-45332
251,1,2,1,1,188461
251,1,3,1,1,233794
251,2,1,1,0,-65215
251,2,2,1,0,131521
251,2,3,1,0,196737
252,1,1,1,1,-36334
252,1,2,1,1,192226
252,1,3,1,1,228560
252,2,1,1,0,-47184
252,2,2,1,0,132033
252,2,3,1,0,179217
253,1,1,1,1,-40127
253,1,2,1,1,190293
253,1,3,1,1,230419
253,2,1,1,0,-62979
253,2,2,1,0,124250
253,2,3,1,0,187228
254,1,1,1,1,-40991
254,1,2,1,1,192452
254,1,3,1,1,233443
254,2,1,1,0,-47868
254,2,2,1,0,124680
254,2,3,1,0,172548
255,1,1,1,1,-34300
255,1,2,1,1,189874
255,1,3,1,1,224175
255,2,1,1,0,-46095
255,2,2,1,0,137914
255,2,3,1,0,184009
256,1,1,1,1,-38476
256,1,2,1,1,190619
256,1,3,1,1,229095
256,2,1,1,0,-61933
256,2,2,1,0,130767
256,2,3,1,0,192700
257,1,1,1,1,-41693
257,1,2,1,1,189852
257,1,3,1,1,231545
257,2,1,1,0,-64454
257,2,2,1,0,134273
257,2,3,1,0,198727
258,1,1,1,1,-34420
258,1,2,1,1,192934
258,1,3,1,1,227355
258,2,1,1,0,-51167
258,2,2,1,0,135814
258,2,3,1,0,186981
259,1,1,1,1,-36353
259,1,2,1,1,192136
259,1,3,1,1,228489
259,2,1,1,0,-70994
259,2,2,1,0,128528
259,2,3,1,0,199522
260,1,1,1,1,-36616
260,1,2,1,1,192458
260,1,3,1,1,229074
260,2,1,1,0,-61520
260,2,2,1,0,133857
260,2,3,1,0,195376
261,1,1,1,1,-39920
261,1,2,1,1,192512
261,1,3,1,1,232432
261,2,1,1,0,-64543
261,2,2,1,0,129558
261,2,3,1,0,194101
262,1,1,1,1,-36292
262,1,2,1,1,196476
262,1,3,1,1,232767
262,2,1,1,0,-64030
262,2,2,1,0,143329
262,2,3,1,0,207359
263,1,1,1,1,-33993
263,1,2,1,1,197292
263,1,3,1,1,231285
263,2,1,1,0,-53414
263,2,2,1,0,137449
263,2,3,1,0,190863
264,1,1,1,1,-33649
264,1,2,1,1,196338
264,1,3,1,1,229987
264,2,1,1,0,-51542
264,2,2,1,0,133290
264,2,3,1,0,184832
265,1,1,1,1,-37448
265,1,2,1,1,195778
265,1,3,1,1,233226
265,2,1,1,0,-60524
265,2,2,1,0,127802
265,2,3,1,0,188326
266,1,1,1,1,-40137
266,1,2,1,1,195041
266,1,3,1,1,235178
266,2,1,1,0,-48334
266,2,2,1,0,124686
266,2,3,1,0,173020
267,1,1,1,1,-42958
267,1,2,1,1,199537
267,1,3,1,1,242495
267,2,1,1,0,-53724
267,2,2,1,0,143447
267,2,3,1,0,197171
268,1,1,1,1,-43754
268,1,2,1,1,199029
268,1,3,1,1,242783
268,2,1,1,0,-68345
268,2,2,1,0,135196
268,2,3,1,0,203542
269,1,1,1,1,-39594
269,1,2,1,1,201388
269,1,3,1,1,240982
269,2,1,1,0,-63860
269,2,2,1,0,139426
269,2,3,1,0,203286
270,1,1,1,1,-38914
270,1,2,1,1,200482
270,1,3,1,1,239397
270,2,1,1,0,-61155
270,2,2,1,0,139715
270,2,3,1,0,200870
271,1,1,1,1,-38953
271,1,2,1,1,200725
271,1,3,1,1,239678
271,2,1,1,0,-73045
271,2,2,1,0,134599
271,2,3,1,0,207644
272,1,1,1,1,-36952
272,1,2,1,1,202191
272,1,3,1,1,239144
272,2,1,1,0,-60955
272,2,2,1,0,138870
272,2,3,1,0,199824
273,1,1,1,1,-41688
273,1,2,1,1,199520
273,1,3,1,1,241208
273,2,1,1,0,-71348
273,2,2,1,0,134849
273,2,3,1,0,206197
274,1,1,1,1,-41081
274,1,2,1,1,201339
274,1,3,1,1,242420
274,2,1,1,0,-67498
274,2,2,1,0,146682
274,2,3,1,0,214180
275,1,1,1,1,-39819
275,1,2,1,1,198857
275,1,3,1,1,238676
275,2,1,1,0,-57335
275,2,2,1,0,135686
275,2,3,1,0,193021
276,1,1,1,1,-42845
276,1,2,1,1,198380
276,1,3,1,1,241224
276,2,1,1,0,-63794
276,2,2,1,0,134605
276,2,3,1,0,198399
277,1,1,1,1,-38871
277,1,2,1,1,194246
277,1,3,1,1,233117
277,2,1,1,0,-61803
277,2,2,1,0,121552
277,2,3,1,0,183355
278,1,1,1,1,-33883
278,1,2,1,1,191911
278,1,3,1,1,225795
278,2,1,1,0,-46088
278,2,2,1,0,118838
278,2,3,1,0,164926
279,1,1,1,1,-48691
279,1,2,1,1,192245
279,1,3,1,1,240936
279,2,1,1,0,-65839
279,2,2,1,0,134378
279,2,3,1,0,200217
280,1,1,1,1,-39844
280,1,2,1,1,193045
280,1,3,1,1,232888
280,2,1,1,0,-63007
280,2,2,1,0,129281
280,2,3,1,0,192289
281,1,1,1,1,-38562
281,1,2,1,1,191824
281,1,3,1,1,230387
281,2,1,1,0,-59452
281,2,2,1,0,129067
281,2,3,1,0,188519
282,1,1,1,1,-42500
282,1,2,1,1,191404
282,1,3,1,1,233904
282,2,1,1,0,-67701
282,2,2,1,0,131811
282,2,3,1,0,199512
283,1,1,1,1,-40379
283,1,2,1,1,190758
283,1,3,1,1,231137
283,2,1,1,0,-70692
283,2,2,1,0,125038
283,2,3,1,0,195730
284,1,1,1,1,-44251
284,1,2,1,1,188003
284,1,3,1,1,232255
284,2,1,1,0,-68683
284,2,2,1,0,123434
284,2,3,1,0,192117
285,1,1,1,1,-41691
285,1,2,1,1,189036
285,1,3,1,1,230728
285,2,1,1,0,-68007
285,2,2,1,0,125527
285,2,3,1,0,193534
286,1,1,1,1,-40934
286,1,2,1,1,187657
286,1,3,1,1,228591
286,2,1,1,0,-66584
286,2,2,1,0,130866
286,2,3,1,0,197451
287,1,1,1,1,-40555
287,1,2,1,1,185243
287,1,3,1,1,225797
287,2,1,1,0,-62996
287,2,2,1,0,121087
287,2,3,1,0,184083
288,1,1,1,1,-41099
288,1,2,1,1,184371
288,1,3,1,1,225470
288,2,1,1,0,-61016
288,2,2,1,0,120501
288,2,3,1,0,181517
289,1,1,1,1,-40026
289,1,2,1,1,181109
289,1,3,1,1,221135
289,2,1,1,0,-59071
289,2,2,1,0,108296
289,2,3,1,0,167367
290,1,1,1,1,-43215
290,1,2,1,1,183276
290,1,3,1,1,226491
290,2,1,1,0,-55850
290,2,2,1,0,113753
290,2,3,1,0,169603
291,1,1,1,1,-36551
291,1,2,1,1,181881
291,1,3,1,1,218433
291,2,1,1,0,-54240
291,2,2,1,0,125903
291,2,3,1,0,180143
292,1,1,1,1,-37566
292,1,2,1,1,183553
292,1,3,1,1,221119
292,2,1,1,0,-56411
292,2,2,1,0,119195
292,2,3,1,0,175607
293,1,1,1,1,-39342
293,1,2,1,1,184230
293,1,3,1,1,223571
293,2,1,1,0,-65058
293,2,2,1,0,120155
293,2,3,1,0,185213
294,1,1,1,1,-41658
294,1,2,1,1,186019
294,1,3,1,1,227677
294,2,1,1,0,-64861
294,2,2,1,0,125605
294,2,3,1,0,190467
295,1,1,1,1,-40537
295,1,2,1,1,186950
295,1,3,1,1,227487
295,2,1,1,0,-67226
295,2,2,1,0,116379
295,2,3,1,0,183604
296,1,1,1,1,-40563
296,1,2,1,1,189893
296,1,3,1,1,230456
296,2,1,1,0,-72531
296,2,2,1,0,123232
296,2,3,1,0,195763
297,1,1,1,1,-36545
297,1,2,1,1,190772
297,1,3,1,1,227316
297,2,1,1,0,-62582
297,2,2,1,0,125011
297,2,3,1,0,187592
298,1,1,1,1,-39232
298,1,2,1,1,189359
298,1,3,1,1,228591
298,2,1,1,0,-64600
298,2,2,1,0,129065
298,2,3,1,0,193664
299,1,1,1,1,-44465
299,1,2,1,1,187896
299,1,3,1,1,232361
299,2,1,1,0,-69208
299,2,2,1,0,123580
299,2,3,1,0,192788
300,1,1,1,1,-41469
300,1,2,1,1,192986
300,1,3,1,1,234455
300,2,1,1,0,-58165
300,2,2,1,0,127219
300,2,3,1,0,185384
301,1,1,1,1,-42918
301,1,2,1,1,195456
301,1,3,1,1,238374
301,2,1,1,0,-68790
301,2,2,1,0,118315
301,2,3,1,0,187105
302,1,1,1,1,-39520
302,1,2,1,1,196060
302,1,3,1,1,235580
302,2,1,1,0,-50603
302,2,2,1,0,120011
302,2,3,1,0,170614
303,1,1,1,1,-40889
303,1,2,1,1,195377
303,1,3,1,1,236266
303,2,1,1,0,-58803
303,2,2,1,0,136779
303,2,3,1,0,195582
304,1,1,1,1,-43807
304,1,2,1,1,195251
304,1,3,1,1,239058
304,2,1,1,0,-62554
304,2,2,1,0,124638
304,2,3,1,0,187192
305,1,1,1,1,-43588
305,1,2,1,1,194910
305,1,3,1,1,238498
305,2,1,1,0,-73039
305,2,2,1,0,128649
305,2,3,1,0,201688
306,1,1,1,1,-42223
306,1,2,1,1,197013
306,1,3,1,1,239236
306,2,1,1,0,-66039
306,2,2,1,0,133477
306,2,3,1,0,199517
307,1,1,1,1,-42853
307,1,2,1,1,196432
307,1,3,1,1,239286
307,2,1,1,0,-70029
307,2,2,1,0,123071
307,2,3,1,0,193100
308,1,1,1,1,-41517
308,1,2,1,1,198212
308,1,3,1,1,239729
308,2,1,1,0,-72897
308,2,2,1,0,130108
308,2,3,1,0,203005
309,1,1,1,1,-41165
309,1,2,1,1,200589
309,1,3,1,1,241754
309,2,1,1,0,-64753
309,2,2,1,0,131101
309,2,3,1,0,195854
310,1,1,1,1,-42644
310,1,2,1,1,202314
310,1,3,1,1,244958
310,2,1,1,0,-74866
310,2,2,1,0,137139
310,2,3,1,0,212004
311,1,1,1,1,-45558
311,1,2,1,1,206199
311,1,3,1,1,251757
311,2,1,1,0,-72349
311,2,2,1,0,136648
311,2,3,1,0,208997
312,1,1,1,1,-47109
312,1,2,1,1,209576
312,1,3,1,1,256685
312,2,1,1,0,-64621
312,2,2,1,0,137068
312,2,3,1,0,201689
313,1,1,1,1,-47247
313,1,2,1,1,207127
313,1,3,1,1,254374
313,2,1,1,0,-78837
313,2,2,1,0,125949
313,2,3,1,0,204786
314,1,1,1,1,-48714
314,1,2,1,1,209943
314,1,3,1,1,258657
314,2,1,1,0,-59290
314,2,2,1,0,129095
314,2,3,1,0,188385
315,1,1,1,1,-42893
315,1,2,1,1,213279
315,1,3,1,1,256173
315,2,1,1,0,-59128
315,2,2,1,0,150383
315,2,3,1,0,209511
316,1,1,1,1,-44666
316,1,2,1,1,212096
316,1,3,1,1,256762
316,2,1,1,0,-67577
316,2,2,1,0,139189
316,2,3,1,0,206766
317,1,1,1,1,-41160
317,1,2,1,1,215032
317,1,3,1,1,256192
317,2,1,1,0,-71304
317,2,2,1,0,146657
317,2,3,1,0,217961
318,1,1,1,1,-44404
318,1,2,1,1,212549
318,1,3,1,1,256953
318,2,1,1,0,-66418
318,2,2,1,0,146470
318,2,3,1,0,212888
319,1,1,1,1,-50572
319,1,2,1,1,210606
319,1,3,1,1,261179
319,2,1,1,0,-83874
319,2,2,1,0,134754
319,2,3,1,0,218628
320,1,1,1,1,-50381
320,1,2,1,1,210833
320,1,3,1,1,261214
320,2,1,1,0,-82724
320,2,2,1,0,141082
320,2,3,1,0,223806
321,1,1,1,1,-51453
321,1,2,1,1,213188
321,1,3,1,1,264641
321,2,1,1,0,-72719
321,2,2,1,0,140267
321,2,3,1,0,212986
322,1,1,1,1,-52398
322,1,2,1,1,214322
322,1,3,1,1,266719
322,2,1,1,0,-89807
322,2,2,1,0,148022
322,2,3,1,0,237828
323,1,1,1,1,-49634
323,1,2,1,1,211465
323,1,3,1,1,261099
323,2,1,1,0,-75246
323,2,2,1,0,140209
323,2,3,1,0,215455
324,1,1,1,1,-56413
324,1,2,1,1,208944
324,1,3,1,1,265357
324,2,1,1,0,-73377
324,2,2,1,0,134874
324,2,3,1,0,208251
325,1,1,1,1,-49023
325,1,2,1,1,210243
325,1,3,1,1,259267
325,2,1,1,0,-75833
325,2,2,1,0,130279
325,2,3,1,0,206112
326,1,1,1,1,-47300
326,1,2,1,1,210809
326,1,3,1,1,258109
326,2,1,1,0,-56545
326,2,2,1,0,130711
326,2,3,1,0,187257
327,1,1,1,1,-48914
327,1,2,1,1,213157
327,1,3,1,1,262072
327,2,1,1,0,-60319
327,2,2,1,0,149248
327,2,3,1,0,209568
328,1,1,1,1,-49203
328,1,2,1,1,209288
328,1,3,1,1,258491
328,2,1,1,0,-75100
328,2,2,1,0,135735
328,2,3,1,0,210836
329,1,1,1,1,-51258
329,1,2,1,1,212852
329,1,3,1,1,264110
329,2,1,1,0,-79336
329,2,2,1,0,143074
329,2,3,1,0,222410
330,1,1,1,1,-51749
330,1,2,1,1,209254
330,1,3,1,1,261003
330,2,1,1,0,-70069
330,2,2,1,0,138647
330,2,3,1,0,208716
331,1,1,1,1,-51041
331,1,2,1,1,210462
331,1,3,1,1,261503
331,2,1,1,0,-86542
331,2,2,1,0,133980
331,2,3,1,0,220523
332,1,1,1,1,-50778
332,1,2,1,1,210517
332,1,3,1,1,261295
332,2,1,1,0,-78307
332,2,2,1,0,139138
332,2,3,1,0,217445
333,1,1,1,1,-47839
333,1,2,1,1,209210
333,1,3,1,1,257049
333,2,1,1,0,-73371
333,2,2,1,0,134911
333,2,3,1,0,208282
334,1,1,1,1,-43029
334,1,2,1,1,210403
334,1,3,1,1,253432
334,2,1,1,0,-77918
334,2,2,1,0,143108
334,2,3,1,0,221026
335,1,1,1,1,-41054
335,1,2,1,1,210571
335,1,3,1,1,251625
335,2,1,1,0,-63213
335,2,2,1,0,137650
335,2,3,1,0,200863
336,1,1,1,1,-45676
336,1,2,1,1,211496
336,1,3,1,1,257171
336,2,1,1,0,-67776
336,2,2,1,0,135955
336,2,3,1,0,203731
337,1,1,1,1,-43364
337,1,2,1,1,209270
337,1,3,1,1,252634
337,2,1,1,0,-67965
337,2,2,1,0,129795
337,2,3,1,0,197760
338,1,1,1,1,-37008
338,1,2,1,1,209652
338,1,3,1,1,246660
338,2,1,1,0,-46934
338,2,2,1,0,132860
338,2,3,1,0,179794
339,1,1,1,1,-46104
339,1,2,1,1,186630
339,1,3,1,1,232734
339,2,1,1,0,-60806
339,2,2,1,0,134770
339,2,3,1,0,195576
340,1,1,1,1,-51887
340,1,2,1,1,149101
340,1,3,1,1,200988
340,2,1,1,0,-70583
340,2,2,1,0,95847
340,2,3,1,0,166430
341,1,1,1,1,-55594
341,1,2,1,1,144001
341,1,3,1,1,199596
341,2,1,1,0,-74080
341,2,2,1,0,90590
341,2,3,1,0,164670
342,1,1,1,1,-51205
342,1,2,1,1,157628
342,1,3,1,1,208833
342,2,1,1,0,-75461
342,2,2,1,0,105226
342,2,3,1,0,180687
343,1,1,1,1,-61406
343,1,2,1,1,170071
343,1,3,1,1,231477
343,2,1,1,0,-88805
343,2,2,1,0,113042
343,2,3,1,0,201847
344,1,1,1,1,-64918
344,1,2,1,1,173864
344,1,3,1,1,238783
344,2,1,1,0,-86246
344,2,2,1,0,118280
344,2,3,1,0,204526
345,1,1,1,1,-62083
345,1,2,1,1,178045
345,1,3,1,1,240129
345,2,1,1,0,-86340
345,2,2,1,0,121599
345,2,3,1,0,207939
346,1,1,1,1,-63111
346,1,2,1,1,182002
346,1,3,1,1,245113
346,2,1,1,0,-88043
346,2,2,1,0,132734
346,2,3,1,0,220777
347,1,1,1,1,-68142
347,1,2,1,1,184174
347,1,3,1,1,252316
347,2,1,1,0,-86675
347,2,2,1,0,127162
347,2,3,1,0,213836
