,series_id,year,period,value,footnote_codes
19914,CUUS0000SAM      ,1984,S01,105.5,
19915,CUUS0000SAM      ,1984,S02,108.3,
19917,CUUS0000SAM      ,1985,S01,111.7,
19918,CUUS0000SAM      ,1985,S02,115.3,
19920,CUUS0000SAM      ,1986,S01,119.9,
19921,CUUS0000SAM      ,1986,S02,124.2,
19923,CUUS0000SAM      ,1987,S01,128.3,
19924,CUUS0000SAM      ,1987,S02,132.0,
19926,CUUS0000SAM      ,1988,S01,136.5,
19927,CUUS0000SAM      ,1988,S02,140.8,
19929,CUUS0000SAM      ,1989,S01,146.3,
19930,CUUS0000SAM      ,1989,S02,152.2,
19932,CUUS0000SAM      ,1990,S01,159.1,
19933,CUUS0000SAM      ,1990,S02,166.5,
19935,CUUS0000SAM      ,1991,S01,173.8,
19936,CUUS0000SAM      ,1991,S02,180.2,
19938,CUUS0000SAM      ,1992,S01,187.3,
19939,CUUS0000SAM      ,1992,S02,192.8,
19941,CUUS0000SAM      ,1993,S01,199.0,
19942,CUUS0000SAM      ,1993,S02,203.8,
19944,CUUS0000SAM      ,1994,S01,208.6,
19945,CUUS0000SAM      ,1994,S02,213.4,
19947,CUUS0000SAM      ,1995,S01,218.5,
19948,CUUS0000SAM      ,1995,S02,222.5,
19950,CUUS0000SAM      ,1996,S01,226.7,
19951,CUUS0000SAM      ,1996,S02,229.8,
19953,CUUS0000SAM      ,1997,S01,233.4,
19954,CUUS0000SAM      ,1997,S02,235.8,
19956,CUUS0000SAM      ,1998,S01,240.2,
19957,CUUS0000SAM      ,1998,S02,244.1,
19959,CUUS0000SAM      ,1999,S01,248.6,
19960,CUUS0000SAM      ,1999,S02,252.6,
19962,CUUS0000SAM      ,2000,S01,258.2,
19963,CUUS0000SAM      ,2000,S02,263.3,
19965,CUUS0000SAM      ,2001,S01,270.1,
19966,CUUS0000SAM      ,2001,S02,275.4,
19968,CUUS0000SAM      ,2002,S01,282.4,
19969,CUUS0000SAM      ,2002,S02,288.8,
19971,CUUS0000SAM      ,2003,S01,294.5,
19972,CUUS0000SAM      ,2003,S02,299.7,
19974,CUUS0000SAM      ,2004,S01,307.4,
19975,CUUS0000SAM      ,2004,S02,312.9,
19977,CUUS0000SAM      ,2005,S01,320.6,
19978,CUUS0000SAM      ,2005,S02,325.9,
19980,CUUS0000SAM      ,2006,S01,333.6,
19981,CUUS0000SAM      ,2006,S02,338.8,
19983,CUUS0000SAM      ,2007,S01,347.327,
19984,CUUS0000SAM      ,2007,S02,354.78,
19986,CUUS0000SAM      ,2008,S01,362.635,
19987,CUUS0000SAM      ,2008,S02,365.495,
19989,CUUS0000SAM      ,2009,S01,373.286,
19990,CUUS0000SAM      ,2009,S02,377.941,
19992,CUUS0000SAM      ,2010,S01,386.567,
19993,CUUS0000SAM      ,2010,S02,390.305,
19995,CUUS0000SAM      ,2011,S01,397.732,
19996,CUUS0000SAM      ,2011,S02,402.784,
19998,CUUS0000SAM      ,2012,S01,411.917,
19999,CUUS0000SAM      ,2012,S02,417.931,
20001,CUUS0000SAM      ,2013,S01,423.162,
20002,CUUS0000SAM      ,2013,S02,427.107,
20004,CUUS0000SAM      ,2014,S01,433.34,
20005,CUUS0000SAM      ,2014,S02,437.245,
20007,CUUS0000SAM      ,2015,S01,444.653,
20008,CUUS0000SAM      ,2015,S02,448.851,
20010,CUUS0000SAM      ,2016,S01,459.065,
20011,CUUS0000SAM      ,2016,S02,468.285,
20013,CUUS0000SAM      ,2017,S01,473.71,
20014,CUUS0000SAM      ,2017,S02,476.934,
20016,CUUS0000SAM      ,2018,S01,483.808,
20017,CUUS0000SAM      ,2018,S02,485.606,
20019,CUUS0000SAM      ,2019,S01,492.927,
20020,CUUS0000SAM      ,2019,S02,503.9,
20022,CUUS0000SAM      ,2020,S01,516.443,
20023,CUUS0000SAM      ,2020,S02,521.308,
20025,CUUS0000SAM      ,2021,S01,523.761,
20026,CUUS0000SAM      ,2021,S02,526.792,
20028,CUUS0000SAM1     ,1984,S01,105.7,
20029,CUUS0000SAM1     ,1984,S02,109.3,
20031,CUUS0000SAM1     ,1985,S01,113.4,
20032,CUUS0000SAM1     ,1985,S02,117.0,
20034,CUUS0000SAM1     ,1986,S01,121.0,
20035,CUUS0000SAM1     ,1986,S02,124.5,
20037,CUUS0000SAM1     ,1987,S01,128.7,
20038,CUUS0000SAM1     ,1987,S02,133.2,
20040,CUUS0000SAM1     ,1988,S01,137.5,
20041,CUUS0000SAM1     ,1988,S02,142.4,
20043,CUUS0000SAM1     ,1989,S01,147.9,
20044,CUUS0000SAM1     ,1989,S02,153.7,
20046,CUUS0000SAM1     ,1990,S01,160.4,
20047,CUUS0000SAM1     ,1990,S02,166.4,
20049,CUUS0000SAM1     ,1991,S01,173.6,
20050,CUUS0000SAM1     ,1991,S02,180.0,
20052,CUUS0000SAM1     ,1992,S01,186.4,
20053,CUUS0000SAM1     ,1992,S02,189.7,
20055,CUUS0000SAM1     ,1993,S01,193.6,
20056,CUUS0000SAM1     ,1993,S02,196.4,
20058,CUUS0000SAM1     ,1994,S01,199.3,
20059,CUUS0000SAM1     ,1994,S02,202.1,
20061,CUUS0000SAM1     ,1995,S01,203.5,
20062,CUUS0000SAM1     ,1995,S02,205.4,
20064,CUUS0000SAM1     ,1996,S01,209.2,
20065,CUUS0000SAM1     ,1996,S02,211.6,
20067,CUUS0000SAM1     ,1997,S01,214.7,
20068,CUUS0000SAM1     ,1997,S02,215.8,
20070,CUUS0000SAM1     ,1998,S01,219.7,
20071,CUUS0000SAM1     ,1998,S02,223.9,
20073,CUUS0000SAM1     ,1999,S01,228.3,
20074,CUUS0000SAM1     ,1999,S02,233.1,
20076,CUUS0000SAM1     ,2000,S01,236.6,
20077,CUUS0000SAM1     ,2000,S02,239.7,
20079,CUUS0000SAM1     ,2001,S01,245.2,
20080,CUUS0000SAM1     ,2001,S02,249.9,
20082,CUUS0000SAM1     ,2002,S01,254.5,
20083,CUUS0000SAM1     ,2002,S02,258.3,
20085,CUUS0000SAM1     ,2003,S01,261.3,
20086,CUUS0000SAM1     ,2003,S02,264.4,
20088,CUUS0000SAM1     ,2004,S01,267.8,
20089,CUUS0000SAM1     ,2004,S02,270.8,
20091,CUUS0000SAM1     ,2005,S01,273.6,
20092,CUUS0000SAM1     ,2005,S02,278.5,
20094,CUUS0000SAM1     ,2006,S01,284.6,
20095,CUUS0000SAM1     ,2006,S02,287.2,
20097,CUUS0000SAM1     ,2007,S01,288.042,
20098,CUUS0000SAM1     ,2007,S02,291.956,
20100,CUUS0000SAM1     ,2008,S01,295.972,
20101,CUUS0000SAM1     ,2008,S02,296.118,
20103,CUUS0000SAM1     ,2009,S01,303.075,
20104,CUUS0000SAM1     ,2009,S02,307.141,
20106,CUUS0000SAM1     ,2010,S01,313.621,
20107,CUUS0000SAM1     ,2010,S02,315.812,
20109,CUUS0000SAM1     ,2011,S01,322.591,
20110,CUUS0000SAM1     ,2011,S02,325.587,
20112,CUUS0000SAM1     ,2012,S01,332.299,
20113,CUUS0000SAM1     ,2012,S02,334.918,
20115,CUUS0000SAM1     ,2013,S01,334.307,
20116,CUUS0000SAM1     ,2013,S02,335.912,
20118,CUUS0000SAM1     ,2014,S01,340.263,
20119,CUUS0000SAM1     ,2014,S02,346.58,
20121,CUUS0000SAM1     ,2015,S01,353.495,
20122,CUUS0000SAM1     ,2015,S02,355.754,
20124,CUUS0000SAM1     ,2016,S01,361.908,
20125,CUUS0000SAM1     ,2016,S02,371.654,
20127,CUUS0000SAM1     ,2017,S01,374.952,
20128,CUUS0000SAM1     ,2017,S02,379.123,
20130,CUUS0000SAM1     ,2018,S01,382.327,
20131,CUUS0000SAM1     ,2018,S02,380.528,
20133,CUUS0000SAM1     ,2019,S01,379.846,
20134,CUUS0000SAM1     ,2019,S02,382.731,
20136,CUUS0000SAM1     ,2020,S01,384.667,
20137,CUUS0000SAM1     ,2020,S02,381.653,
20139,CUUS0000SAM1     ,2021,S01,376.289,
20140,CUUS0000SAM1     ,2021,S02,377.825,
20142,CUUS0000SAM2     ,1984,S01,105.4,
20143,CUUS0000SAM2     ,1984,S02,108.0,
20145,CUUS0000SAM2     ,1985,S01,111.4,
20146,CUUS0000SAM2     ,1985,S02,115.0,
20148,CUUS0000SAM2     ,1986,S01,119.7,
20149,CUUS0000SAM2     ,1986,S02,124.1,
20151,CUUS0000SAM2     ,1987,S01,128.2,
20152,CUUS0000SAM2     ,1987,S02,131.7,
20154,CUUS0000SAM2     ,1988,S01,136.2,
20155,CUUS0000SAM2     ,1988,S02,140.5,
20157,CUUS0000SAM2     ,1989,S01,146.0,
20158,CUUS0000SAM2     ,1989,S02,151.8,
20160,CUUS0000SAM2     ,1990,S01,158.8,
20161,CUUS0000SAM2     ,1990,S02,166.6,
20163,CUUS0000SAM2     ,1991,S01,173.9,
20164,CUUS0000SAM2     ,1991,S02,180.3,
20166,CUUS0000SAM2     ,1992,S01,187.5,
20167,CUUS0000SAM2     ,1992,S02,193.5,
20169,CUUS0000SAM2     ,1993,S01,200.3,
20170,CUUS0000SAM2     ,1993,S02,205.6,
20172,CUUS0000SAM2     ,1994,S01,210.8,
20173,CUUS0000SAM2     ,1994,S02,216.1,
20175,CUUS0000SAM2     ,1995,S01,222.0,
20176,CUUS0000SAM2     ,1995,S02,226.4,
20178,CUUS0000SAM2     ,1996,S01,230.8,
20179,CUUS0000SAM2     ,1996,S02,234.0,
20181,CUUS0000SAM2     ,1997,S01,237.7,
20182,CUUS0000SAM2     ,1997,S02,240.4,
20184,CUUS0000SAM2     ,1998,S01,245.0,
20185,CUUS0000SAM2     ,1998,S02,248.7,
20187,CUUS0000SAM2     ,1999,S01,253.2,
20188,CUUS0000SAM2     ,1999,S02,256.9,
20190,CUUS0000SAM2     ,2000,S01,263.2,
20191,CUUS0000SAM2     ,2000,S02,268.8,
20193,CUUS0000SAM2     ,2001,S01,276.0,
20194,CUUS0000SAM2     ,2001,S02,281.5,
20196,CUUS0000SAM2     ,2002,S01,289.3,
20197,CUUS0000SAM2     ,2002,S02,296.5,
20199,CUUS0000SAM2     ,2003,S01,303.0,
20200,CUUS0000SAM2     ,2003,S02,308.9,
20202,CUUS0000SAM2     ,2004,S01,318.1,
20203,CUUS0000SAM2     ,2004,S02,324.5,
20205,CUUS0000SAM2     ,2005,S01,334.0,
20206,CUUS0000SAM2     ,2005,S02,339.4,
20208,CUUS0000SAM2     ,2006,S01,347.6,
20209,CUUS0000SAM2     ,2006,S02,353.6,
20211,CUUS0000SAM2     ,2007,S01,364.964,
20212,CUUS0000SAM2     ,2007,S02,373.64,
20214,CUUS0000SAM2     ,2008,S01,382.948,
20215,CUUS0000SAM2     ,2008,S02,386.938,
20217,CUUS0000SAM2     ,2009,S01,394.9,
20218,CUUS0000SAM2     ,2009,S02,399.698,
20220,CUUS0000SAM2     ,2010,S01,409.05,
20221,CUUS0000SAM2     ,2010,S02,413.365,
20223,CUUS0000SAM2     ,2011,S01,420.902,
20224,CUUS0000SAM2     ,2011,S02,426.719,
20226,CUUS0000SAM2     ,2012,S01,436.682,
20227,CUUS0000SAM2     ,2012,S02,444.0,
20229,CUUS0000SAM2     ,2013,S01,451.584,
20230,CUUS0000SAM2     ,2013,S02,456.43,
20232,CUUS0000SAM2     ,2014,S01,463.359,
20233,CUUS0000SAM2     ,2014,S02,466.236,
20235,CUUS0000SAM2     ,2015,S01,473.72,
20236,CUUS0000SAM2     ,2015,S02,478.622,
20238,CUUS0000SAM2     ,2016,S01,490.305,
20239,CUUS0000SAM2     ,2016,S02,499.227,
20241,CUUS0000SAM2     ,2017,S01,505.387,
20242,CUUS0000SAM2     ,2017,S02,508.222,
20244,CUUS0000SAM2     ,2018,S01,516.301,
20245,CUUS0000SAM2     ,2018,S02,519.31,
20247,CUUS0000SAM2     ,2019,S01,529.308,
20248,CUUS0000SAM2     ,2019,S02,542.976,
20250,CUUS0000SAM2     ,2020,S01,558.943,
20251,CUUS0000SAM2     ,2020,S02,566.357,
20253,CUUS0000SAM2     ,2021,S01,571.34,
20254,CUUS0000SAM2     ,2021,S02,574.853,
20256,CUUS0000SEMC     ,1984,S01,105.6,
20257,CUUS0000SEMC     ,1984,S02,108.4,
20259,CUUS0000SEMC     ,1985,S01,111.9,
20260,CUUS0000SEMC     ,1985,S02,115.2,
20262,CUUS0000SEMC     ,1986,S01,119.1,
20263,CUUS0000SEMC     ,1986,S02,122.6,
20265,CUUS0000SEMC     ,1987,S01,126.9,
20266,CUUS0000SEMC     ,1987,S02,130.8,
20268,CUUS0000SEMC     ,1988,S01,135.5,
20269,CUUS0000SEMC     ,1988,S02,139.6,
20271,CUUS0000SEMC     ,1989,S01,144.4,
20272,CUUS0000SEMC     ,1989,S02,148.4,
20274,CUUS0000SEMC     ,1990,S01,153.6,
20275,CUUS0000SEMC     ,1990,S02,158.6,
20277,CUUS0000SEMC     ,1991,S01,163.4,
20278,CUUS0000SEMC     ,1991,S02,168.1,
20280,CUUS0000SEMC     ,1992,S01,173.5,
20281,CUUS0000SEMC     ,1992,S02,178.0,
20283,CUUS0000SEMC     ,1993,S01,182.8,
20284,CUUS0000SEMC     ,1993,S02,186.5,
20286,CUUS0000SEMC     ,1994,S01,190.6,
20287,CUUS0000SEMC     ,1994,S02,194.5,
20289,CUUS0000SEMC     ,1995,S01,199.2,
20290,CUUS0000SEMC     ,1995,S02,202.7,
20292,CUUS0000SEMC     ,1996,S01,206.7,
20293,CUUS0000SEMC     ,1996,S02,209.9,
20295,CUUS0000SEMC     ,1997,S01,214.2,
20296,CUUS0000SEMC     ,1997,S02,216.7,
20298,CUUS0000SEMC     ,1998,S01,220.7,
20299,CUUS0000SEMC     ,1998,S02,223.8,
20301,CUUS0000SEMC     ,1999,S01,227.7,
20302,CUUS0000SEMC     ,1999,S02,230.7,
20304,CUUS0000SEMC     ,2000,S01,236.0,
20305,CUUS0000SEMC     ,2000,S02,239.4,
20307,CUUS0000SEMC     ,2001,S01,244.9,
20308,CUUS0000SEMC     ,2001,S02,248.1,
20310,CUUS0000SEMC     ,2002,S01,252.1,
20311,CUUS0000SEMC     ,2002,S02,255.7,
20313,CUUS0000SEMC     ,2003,S01,259.7,
20314,CUUS0000SEMC     ,2003,S02,262.7,
20316,CUUS0000SEMC     ,2004,S01,269.4,
20317,CUUS0000SEMC     ,2004,S02,273.6,
20319,CUUS0000SEMC     ,2005,S01,279.8,
20320,CUUS0000SEMC     ,2005,S02,283.6,
20322,CUUS0000SEMC     ,2006,S01,287.6,
20323,CUUS0000SEMC     ,2006,S02,291.1,
20325,CUUS0000SEMC     ,2007,S01,298.6,
20326,CUUS0000SEMC     ,2007,S02,302.983,
20328,CUUS0000SEMC     ,2008,S01,309.107,
20329,CUUS0000SEMC     ,2008,S02,312.83,
20331,CUUS0000SEMC     ,2009,S01,317.784,
20332,CUUS0000SEMC     ,2009,S02,320.961,
20334,CUUS0000SEMC     ,2010,S01,326.441,
20335,CUUS0000SEMC     ,2010,S02,329.93,
20337,CUUS0000SEMC     ,2011,S01,334.415,
20338,CUUS0000SEMC     ,2011,S02,336.917,
20340,CUUS0000SEMC     ,2012,S01,340.053,
20341,CUUS0000SEMC     ,2012,S02,343.935,
20343,CUUS0000SEMC     ,2013,S01,348.162,
20344,CUUS0000SEMC     ,2013,S02,350.775,
20346,CUUS0000SEMC     ,2014,S01,354.024,
20347,CUUS0000SEMC     ,2014,S02,356.282,
20349,CUUS0000SEMC     ,2015,S01,359.971,
20350,CUUS0000SEMC     ,2015,S02,363.057,
20352,CUUS0000SEMC     ,2016,S01,368.708,
20353,CUUS0000SEMC     ,2016,S02,374.384,
20355,CUUS0000SEMC     ,2017,S01,375.62,
20356,CUUS0000SEMC     ,2017,S02,374.656,
20358,CUUS0000SEMC     ,2018,S01,378.369,
20359,CUUS0000SEMC     ,2018,S02,378.349,
20361,CUUS0000SEMC     ,2019,S01,381.183,
20362,CUUS0000SEMC     ,2019,S02,383.943,
20364,CUUS0000SEMC     ,2020,S01,387.552,
20365,CUUS0000SEMC     ,2020,S02,392.186,
20367,CUUS0000SEMC     ,2021,S01,400.182,
20368,CUUS0000SEMC     ,2021,S02,403.697,
20370,CUUS0000SEMC01   ,2018,S01,380.615,
20371,CUUS0000SEMC01   ,2018,S02,380.287,
20373,CUUS0000SEMC01   ,2019,S01,382.229,
20374,CUUS0000SEMC01   ,2019,S02,384.227,
20376,CUUS0000SEMC01   ,2020,S01,387.385,
20377,CUUS0000SEMC01   ,2020,S02,392.415,
20379,CUUS0000SEMC01   ,2021,S01,404.877,
20380,CUUS0000SEMC01   ,2021,S02,408.18,
20382,CUUS0000SEMC02   ,2018,S01,485.795,
20383,CUUS0000SEMC02   ,2018,S02,485.255,
20385,CUUS0000SEMC02   ,2019,S01,492.798,
20386,CUUS0000SEMC02   ,2019,S02,499.521,
20388,CUUS0000SEMC02   ,2020,S01,507.451,
20389,CUUS0000SEMC02   ,2020,S02,514.706,
20391,CUUS0000SEMC02   ,2021,S01,519.438,
20392,CUUS0000SEMC02   ,2021,S02,525.561,
20394,CUUS0000SEMC03   ,2018,S01,189.337,
20395,CUUS0000SEMC03   ,2018,S02,189.881,
20397,CUUS0000SEMC03   ,2019,S01,191.071,
20398,CUUS0000SEMC03   ,2019,S02,191.786,
20400,CUUS0000SEMC03   ,2020,S01,192.443,
20401,CUUS0000SEMC03   ,2020,S02,193.438,
20403,CUUS0000SEMC03   ,2021,S01,193.202,
20404,CUUS0000SEMC03   ,2021,S02,194.768,
20406,CUUS0000SEMC04   ,2018,S01,236.99,
20407,CUUS0000SEMC04   ,2018,S02,237.721,
20409,CUUS0000SEMC04   ,2019,S01,238.476,
20410,CUUS0000SEMC04   ,2019,S02,239.932,
20412,CUUS0000SEMC04   ,2020,S01,241.1,
20413,CUUS0000SEMC04   ,2020,S02,243.112,
20415,CUUS0000SEMC04   ,2021,S01,247.278,
20416,CUUS0000SEMC04   ,2021,S02,248.618,
20418,CUUS0000SEMD     ,2018,S01,863.137,
20419,CUUS0000SEMD     ,2018,S02,870.748,
20421,CUUS0000SEMD     ,2019,S01,877.966,
20422,CUUS0000SEMD     ,2019,S02,892.355,
20424,CUUS0000SEMD     ,2020,S01,916.803,
20425,CUUS0000SEMD     ,2020,S02,925.355,
20427,CUUS0000SEMD     ,2021,S01,942.522,
20428,CUUS0000SEMD     ,2021,S02,957.487,
20430,CUUS0000SEMD01   ,2018,S01,330.907,
20431,CUUS0000SEMD01   ,2018,S02,333.566,
20433,CUUS0000SEMD01   ,2019,S01,335.892,
20434,CUUS0000SEMD01   ,2019,S02,341.737,
20436,CUUS0000SEMD01   ,2020,S01,351.482,
20437,CUUS0000SEMD01   ,2020,S02,354.421,
20439,CUUS0000SEMD01   ,2021,S01,360.663,
20440,CUUS0000SEMD01   ,2021,S02,366.403,
20442,CUUS0000SEMD02   ,2018,S01,226.104,
20443,CUUS0000SEMD02   ,2018,S02,229.533,
20445,CUUS0000SEMD02   ,2019,S01,234.283,
20446,CUUS0000SEMD02   ,2019,S02,236.301,
20448,CUUS0000SEMD02   ,2020,S01,240.245,
20449,CUUS0000SEMD02   ,2020,S02,243.15,
20451,CUUS0000SEMD02   ,2021,S01,248.01,
20452,CUUS0000SEMD02   ,2021,S02,251.218,
20454,CUUS0000SEMD03   ,2018,S01,119.862,
20455,CUUS0000SEMD03   ,2018,S02,121.767,
20457,CUUS0000SEMD03   ,2019,S01,123.73,
20458,CUUS0000SEMD03   ,2019,S02,124.571,
20460,CUUS0000SEMD03   ,2020,S01,126.738,
20461,CUUS0000SEMD03   ,2020,S02,131.205,
20463,CUUS0000SEMD03   ,2021,S01,137.152,
20464,CUUS0000SEMD03   ,2021,S02,139.858,
20466,CUUS0000SEME     ,2018,S01,134.343,
20467,CUUS0000SEME     ,2018,S02,136.583,
20469,CUUS0000SEME     ,2019,S01,147.769,
20470,CUUS0000SEME     ,2019,S02,162.552,
20472,CUUS0000SEME     ,2020,S01,177.557,
20473,CUUS0000SEME     ,2020,S02,181.986,
20475,CUUS0000SEME     ,2021,S01,173.908,
20476,CUUS0000SEME     ,2021,S02,170.029,
20478,CUUS0000SEMF     ,2018,S01,125.232,
20479,CUUS0000SEMF     ,2018,S02,124.578,
20481,CUUS0000SEMF     ,2019,S01,124.289,
20482,CUUS0000SEMF     ,2019,S02,125.254,
20484,CUUS0000SEMF     ,2020,S01,125.956,
20485,CUUS0000SEMF     ,2020,S02,125.154,
20487,CUUS0000SEMF     ,2021,S01,123.427,
20488,CUUS0000SEMF     ,2021,S02,123.866,
20490,CUUS0000SEMF01   ,2018,S01,529.495,
20491,CUUS0000SEMF01   ,2018,S02,526.521,
20493,CUUS0000SEMF01   ,2019,S01,525.263,
20494,CUUS0000SEMF01   ,2019,S02,528.307,
20496,CUUS0000SEMF01   ,2020,S01,534.69,
20497,CUUS0000SEMF01   ,2020,S02,529.472,
20499,CUUS0000SEMF01   ,2021,S01,522.316,
20500,CUUS0000SEMF01   ,2021,S02,522.469,
20502,CUUS0000SEMF02   ,2018,S01,97.104,
20503,CUUS0000SEMF02   ,2018,S02,96.743,
20505,CUUS0000SEMF02   ,2019,S01,96.547,
20506,CUUS0000SEMF02   ,2019,S02,98.028,
20508,CUUS0000SEMF02   ,2020,S01,96.249,
20509,CUUS0000SEMF02   ,2020,S02,96.646,
20511,CUUS0000SEMF02   ,2021,S01,95.228,
20512,CUUS0000SEMF02   ,2021,S02,96.516,
20514,CUUS0000SEMG     ,2018,S01,99.626,
20515,CUUS0000SEMG     ,2018,S02,100.691,
20517,CUUS0000SEMG     ,2019,S01,102.039,
20518,CUUS0000SEMG     ,2019,S02,102.329,
20520,CUUS0000SEMG     ,2020,S01,101.365,
20521,CUUS0000SEMG     ,2020,S02,97.397,
20523,CUUS0000SEMG     ,2021,S01,95.48,
20524,CUUS0000SEMG     ,2021,S02,96.98,
20526,CUUS0000SS5702   ,2018,S01,323.782,
20527,CUUS0000SS5702   ,2018,S02,325.284,
20529,CUUS0000SS5702   ,2019,S01,327.33,
20530,CUUS0000SS5702   ,2019,S02,333.142,
20532,CUUS0000SS5702   ,2020,S01,341.518,
20533,CUUS0000SS5702   ,2020,S02,343.578,
20535,CUUS0000SS5702   ,2021,S01,348.571,
20536,CUUS0000SS5702   ,2021,S02,355.06,
20538,CUUS0000SS5703   ,2018,S01,732.722,
20539,CUUS0000SS5703   ,2018,S02,738.572,
20541,CUUS0000SS5703   ,2019,S01,742.658,
20542,CUUS0000SS5703   ,2019,S02,753.041,
20544,CUUS0000SS5703   ,2020,S01,769.647,
20545,CUUS0000SS5703   ,2020,S02,773.519,
20547,CUUS0000SS5703   ,2021,S01,786.395,
20548,CUUS0000SS5703   ,2021,S02,795.044,
20550,CUUSN000SAM      ,1998,S01,101.1,
20551,CUUSN000SAM      ,1998,S02,102.5,
20553,CUUSN000SAM      ,1999,S01,104.3,
20554,CUUSN000SAM      ,1999,S02,106.2,
20556,CUUSN000SAM      ,2000,S01,109.0,
20557,CUUSN000SAM      ,2000,S02,111.2,
20559,CUUSN000SAM      ,2001,S01,113.9,
20560,CUUSN000SAM      ,2001,S02,116.1,
20562,CUUSN000SAM      ,2002,S01,119.0,
20563,CUUSN000SAM      ,2002,S02,122.1,
20565,CUUSN000SAM      ,2003,S01,124.6,
20566,CUUSN000SAM      ,2003,S02,127.0,
20568,CUUSN000SAM      ,2004,S01,130.7,
20569,CUUSN000SAM      ,2004,S02,133.4,
20571,CUUSN000SAM      ,2005,S01,136.2,
20572,CUUSN000SAM      ,2005,S02,138.5,
20574,CUUSN000SAM      ,2006,S01,141.1,
20575,CUUSN000SAM      ,2006,S02,143.0,
20577,CUUSN000SAM      ,2007,S01,146.179,
20578,CUUSN000SAM      ,2007,S02,149.336,
20580,CUUSN000SAM      ,2008,S01,153.11,
20581,CUUSN000SAM      ,2008,S02,153.982,
20583,CUUSN000SAM      ,2009,S01,157.706,
20584,CUUSN000SAM      ,2009,S02,159.428,
20586,CUUSN000SAM      ,2010,S01,163.043,
20587,CUUSN000SAM      ,2010,S02,165.412,
20589,CUUSN000SAM      ,2011,S01,168.597,
20590,CUUSN000SAM      ,2011,S02,170.897,
20592,CUUSN000SAM      ,2012,S01,174.282,
20593,CUUSN000SAM      ,2012,S02,176.167,
20595,CUUSN000SAM      ,2013,S01,178.022,
20596,CUUSN000SAM      ,2013,S02,178.857,
20598,CUUSN000SAM      ,2014,S01,181.477,
20599,CUUSN000SAM      ,2014,S02,183.029,
20601,CUUSN000SAM      ,2015,S01,184.949,
20602,CUUSN000SAM      ,2015,S02,186.372,
20604,CUUSN000SAM      ,2016,S01,190.182,
20605,CUUSN000SAM      ,2016,S02,194.185,
20607,CUUSN000SAM      ,2017,S01,196.834,
20608,CUUSN000SAM      ,2017,S02,197.302,
20610,CUUSN000SAM      ,2018,S01,200.311,
20611,CUUSN000SAM      ,2018,S02,200.613,
20613,CUUSN000SAM      ,2019,S01,203.437,
20614,CUUSN000SAM      ,2019,S02,207.566,
20616,CUUSN000SAM      ,2020,S01,213.167,
20617,CUUSN000SAM      ,2020,S02,214.723,
20619,CUUSN000SAM      ,2021,S01,215.959,
20620,CUUSN000SAM      ,2021,S02,217.344,
20622,CUUSN000SAM1     ,1998,S01,101.0,
20623,CUUSN000SAM1     ,1998,S02,102.0,
20625,CUUSN000SAM1     ,1999,S01,104.0,
20626,CUUSN000SAM1     ,1999,S02,106.4,
20628,CUUSN000SAM1     ,2000,S01,108.5,
20629,CUUSN000SAM1     ,2000,S02,109.6,
20631,CUUSN000SAM1     ,2001,S01,112.5,
20632,CUUSN000SAM1     ,2001,S02,114.9,
20634,CUUSN000SAM1     ,2002,S01,117.0,
20635,CUUSN000SAM1     ,2002,S02,119.1,
20637,CUUSN000SAM1     ,2003,S01,120.9,
20638,CUUSN000SAM1     ,2003,S02,123.1,
20640,CUUSN000SAM1     ,2004,S01,125.7,
20641,CUUSN000SAM1     ,2004,S02,127.4,
20643,CUUSN000SAM1     ,2005,S01,128.5,
20644,CUUSN000SAM1     ,2005,S02,130.5,
20646,CUUSN000SAM1     ,2006,S01,133.5,
20647,CUUSN000SAM1     ,2006,S02,134.3,
20649,CUUSN000SAM1     ,2007,S01,134.894,
20650,CUUSN000SAM1     ,2007,S02,136.745,
20652,CUUSN000SAM1     ,2008,S01,139.063,
20653,CUUSN000SAM1     ,2008,S02,138.57,
20655,CUUSN000SAM1     ,2009,S01,141.892,
20656,CUUSN000SAM1     ,2009,S02,143.79,
20658,CUUSN000SAM1     ,2010,S01,147.222,
20659,CUUSN000SAM1     ,2010,S02,148.566,
20661,CUUSN000SAM1     ,2011,S01,151.578,
20662,CUUSN000SAM1     ,2011,S02,153.432,
20664,CUUSN000SAM1     ,2012,S01,157.489,
20665,CUUSN000SAM1     ,2012,S02,158.562,
20667,CUUSN000SAM1     ,2013,S01,158.728,
20668,CUUSN000SAM1     ,2013,S02,158.492,
20670,CUUSN000SAM1     ,2014,S01,160.212,
20671,CUUSN000SAM1     ,2014,S02,163.031,
20673,CUUSN000SAM1     ,2015,S01,164.255,
20674,CUUSN000SAM1     ,2015,S02,164.46,
20676,CUUSN000SAM1     ,2016,S01,166.604,
20677,CUUSN000SAM1     ,2016,S02,171.98,
20679,CUUSN000SAM1     ,2017,S01,172.215,
20680,CUUSN000SAM1     ,2017,S02,173.678,
20682,CUUSN000SAM1     ,2018,S01,175.946,
20683,CUUSN000SAM1     ,2018,S02,174.54,
20685,CUUSN000SAM1     ,2019,S01,174.536,
20686,CUUSN000SAM1     ,2019,S02,176.454,
20688,CUUSN000SAM1     ,2020,S01,179.105,
20689,CUUSN000SAM1     ,2020,S02,178.489,
20691,CUUSN000SAM1     ,2021,S01,176.15,
20692,CUUSN000SAM1     ,2021,S02,177.169,
20694,CUUSN000SAM2     ,1998,S01,101.2,
20695,CUUSN000SAM2     ,1998,S02,102.6,
20697,CUUSN000SAM2     ,1999,S01,104.4,
20698,CUUSN000SAM2     ,1999,S02,106.2,
20700,CUUSN000SAM2     ,2000,S01,109.2,
20701,CUUSN000SAM2     ,2000,S02,111.7,
20703,CUUSN000SAM2     ,2001,S01,114.4,
20704,CUUSN000SAM2     ,2001,S02,116.4,
20706,CUUSN000SAM2     ,2002,S01,119.6,
20707,CUUSN000SAM2     ,2002,S02,123.1,
20709,CUUSN000SAM2     ,2003,S01,125.8,
20710,CUUSN000SAM2     ,2003,S02,128.3,
20712,CUUSN000SAM2     ,2004,S01,132.4,
20713,CUUSN000SAM2     ,2004,S02,135.4,
20715,CUUSN000SAM2     ,2005,S01,138.8,
20716,CUUSN000SAM2     ,2005,S02,141.2,
20718,CUUSN000SAM2     ,2006,S01,143.8,
20719,CUUSN000SAM2     ,2006,S02,146.0,
20721,CUUSN000SAM2     ,2007,S01,150.088,
20722,CUUSN000SAM2     ,2007,S02,153.704,
20724,CUUSN000SAM2     ,2008,S01,158.045,
20725,CUUSN000SAM2     ,2008,S02,159.489,
20727,CUUSN000SAM2     ,2009,S01,163.359,
20728,CUUSN000SAM2     ,2009,S02,164.994,
20730,CUUSN000SAM2     ,2010,S01,168.659,
20731,CUUSN000SAM2     ,2010,S02,171.426,
20733,CUUSN000SAM2     ,2011,S01,174.667,
20734,CUUSN000SAM2     ,2011,S02,177.135,
20736,CUUSN000SAM2     ,2012,S01,180.236,
20737,CUUSN000SAM2     ,2012,S02,182.437,
20739,CUUSN000SAM2     ,2013,S01,184.958,
20740,CUUSN000SAM2     ,2013,S02,186.217,
20742,CUUSN000SAM2     ,2014,S01,189.196,
20743,CUUSN000SAM2     ,2014,S02,190.279,
20745,CUUSN000SAM2     ,2015,S01,192.454,
20746,CUUSN000SAM2     ,2015,S02,194.327,
20748,CUUSN000SAM2     ,2016,S01,198.749,
20749,CUUSN000SAM2     ,2016,S02,202.303,
20751,CUUSN000SAM2     ,2017,S01,205.774,
20752,CUUSN000SAM2     ,2017,S02,205.908,
20754,CUUSN000SAM2     ,2018,S01,209.152,
20755,CUUSN000SAM2     ,2018,S02,209.989,
20757,CUUSN000SAM2     ,2019,S01,213.714,
20758,CUUSN000SAM2     ,2019,S02,218.559,
20760,CUUSN000SAM2     ,2020,S01,225.059,
20761,CUUSN000SAM2     ,2020,S02,227.273,
20763,CUUSN000SAM2     ,2021,S01,229.58,
20764,CUUSN000SAM2     ,2021,S02,231.084,
20766,CUUSN000SEMC     ,1998,S01,101.2,
20767,CUUSN000SEMC     ,1998,S02,102.6,
20769,CUUSN000SEMC     ,1999,S01,104.4,
20770,CUUSN000SEMC     ,1999,S02,106.0,
20772,CUUSN000SEMC     ,2000,S01,109.0,
20773,CUUSN000SEMC     ,2000,S02,110.9,
20775,CUUSN000SEMC     ,2001,S01,113.2,
20776,CUUSN000SEMC     ,2001,S02,114.3,
20778,CUUSN000SEMC     ,2002,S01,116.7,
20779,CUUSN000SEMC     ,2002,S02,119.1,
20781,CUUSN000SEMC     ,2003,S01,120.7,
20782,CUUSN000SEMC     ,2003,S02,122.6,
20784,CUUSN000SEMC     ,2004,S01,126.2,
20785,CUUSN000SEMC     ,2004,S02,128.6,
20787,CUUSN000SEMC     ,2005,S01,131.3,
20788,CUUSN000SEMC     ,2005,S02,133.0,
20790,CUUSN000SEMC     ,2006,S01,134.5,
20791,CUUSN000SEMC     ,2006,S02,136.0,
20793,CUUSN000SEMC     ,2007,S01,139.265,
20794,CUUSN000SEMC     ,2007,S02,141.242,
20796,CUUSN000SEMC     ,2008,S01,144.263,
20797,CUUSN000SEMC     ,2008,S02,145.889,
20799,CUUSN000SEMC     ,2009,S01,148.184,
20800,CUUSN000SEMC     ,2009,S02,149.222,
20802,CUUSN000SEMC     ,2010,S01,151.777,
20803,CUUSN000SEMC     ,2010,S02,154.003,
20805,CUUSN000SEMC     ,2011,S01,156.393,
20806,CUUSN000SEMC     ,2011,S02,157.912,
20808,CUUSN000SEMC     ,2012,S01,158.711,
20809,CUUSN000SEMC     ,2012,S02,159.867,
20811,CUUSN000SEMC     ,2013,S01,161.631,
20812,CUUSN000SEMC     ,2013,S02,162.187,
20814,CUUSN000SEMC     ,2014,S01,163.359,
20815,CUUSN000SEMC     ,2014,S02,163.83,
20817,CUUSN000SEMC     ,2015,S01,164.413,
20818,CUUSN000SEMC     ,2015,S02,165.555,
20820,CUUSN000SEMC     ,2016,S01,167.801,
20821,CUUSN000SEMC     ,2016,S02,169.375,
20823,CUUSN000SEMC     ,2017,S01,169.394,
20824,CUUSN000SEMC     ,2017,S02,167.72,
20826,CUUSN000SEMC     ,2018,S01,168.887,
20827,CUUSN000SEMC     ,2018,S02,169.153,
20829,CUUSN000SEMC     ,2019,S01,170.122,
20830,CUUSN000SEMC     ,2019,S02,171.005,
20832,CUUSN000SEMC     ,2020,S01,172.573,
20833,CUUSN000SEMC     ,2020,S02,174.433,
20835,CUUSN000SEMC     ,2021,S01,178.179,
20836,CUUSN000SEMC     ,2021,S02,179.667,
20838,CUUSS000SAM      ,1987,S01,102.3,
20839,CUUSS000SAM      ,1987,S02,105.3,
20841,CUUSS000SAM      ,1988,S01,109.1,
20842,CUUSS000SAM      ,1988,S02,112.7,
20844,CUUSS000SAM      ,1989,S01,116.9,
20845,CUUSS000SAM      ,1989,S02,121.6,
20847,CUUSS000SAM      ,1990,S01,127.2,
20848,CUUSS000SAM      ,1990,S02,133.0,
20850,CUUSS000SAM      ,1991,S01,139.0,
20851,CUUSS000SAM      ,1991,S02,144.0,
20853,CUUSS000SAM      ,1992,S01,149.7,
20854,CUUSS000SAM      ,1992,S02,153.8,
20856,CUUSS000SAM      ,1993,S01,158.8,
20857,CUUSS000SAM      ,1993,S02,162.5,
20859,CUUSS000SAM      ,1994,S01,166.1,
20860,CUUSS000SAM      ,1994,S02,169.7,
20862,CUUSS000SAM      ,1995,S01,173.5,
20863,CUUSS000SAM      ,1995,S02,176.2,
20865,CUUSS000SAM      ,1996,S01,180.0,
20866,CUUSS000SAM      ,1996,S02,182.3,
20868,CUUSS000SAM      ,1997,S01,184.9,
20869,CUUSS000SAM      ,1997,S02,186.5,
20871,CUUSS000SAM      ,1998,S01,190.2,
20872,CUUSS000SAM      ,1998,S02,193.5,
20874,CUUSS000SAM      ,1999,S01,197.1,
20875,CUUSS000SAM      ,1999,S02,200.2,
20877,CUUSS000SAM      ,2000,S01,204.2,
20878,CUUSS000SAM      ,2000,S02,208.3,
20880,CUUSS000SAM      ,2001,S01,213.9,
20881,CUUSS000SAM      ,2001,S02,218.1,
20883,CUUSS000SAM      ,2002,S01,223.8,
20884,CUUSS000SAM      ,2002,S02,228.0,
20886,CUUSS000SAM      ,2003,S01,232.4,
20887,CUUSS000SAM      ,2003,S02,236.2,
20889,CUUSS000SAM      ,2004,S01,241.6,
20890,CUUSS000SAM      ,2004,S02,245.2,
20892,CUUSS000SAM      ,2005,S01,251.7,
20893,CUUSS000SAM      ,2005,S02,256.0,
20895,CUUSS000SAM      ,2006,S01,263.0,
20896,CUUSS000SAM      ,2006,S02,267.4,
20898,CUUSS000SAM      ,2007,S01,275.072,
20899,CUUSS000SAM      ,2007,S02,280.98,
20901,CUUSS000SAM      ,2008,S01,286.464,
20902,CUUSS000SAM      ,2008,S02,289.308,
20904,CUUSS000SAM      ,2009,S01,294.893,
20905,CUUSS000SAM      ,2009,S02,298.758,
20907,CUUSS000SAM      ,2010,S01,305.833,
20908,CUUSS000SAM      ,2010,S02,307.712,
20910,CUUSS000SAM      ,2011,S01,313.443,
20911,CUUSS000SAM      ,2011,S02,317.223,
20913,CUUSS000SAM      ,2012,S01,325.129,
20914,CUUSS000SAM      ,2012,S02,331.071,
20916,CUUSS000SAM      ,2013,S01,335.467,
20917,CUUSS000SAM      ,2013,S02,339.902,
20919,CUUSS000SAM      ,2014,S01,344.684,
20920,CUUSS000SAM      ,2014,S02,347.923,
20922,CUUSS000SAM      ,2015,S01,355.285,
20923,CUUSS000SAM      ,2015,S02,359.031,
20925,CUUSS000SAM      ,2016,S01,367.325,
20926,CUUSS000SAM      ,2016,S02,375.352,
20928,CUUSS000SAM      ,2017,S01,379.329,
20929,CUUSS000SAM      ,2017,S02,382.97,
20931,CUUSS000SAM      ,2018,S01,388.485,
20932,CUUSS000SAM      ,2018,S02,391.171,
20934,CUUSS000SAM      ,2019,S01,397.63,
20935,CUUSS000SAM      ,2019,S02,407.606,
20937,CUUSS000SAM      ,2020,S01,416.534,
20938,CUUSS000SAM      ,2020,S02,421.743,
20940,CUUSS000SAM      ,2021,S01,423.085,
20941,CUUSS000SAM      ,2021,S02,425.148,
20943,CUUSS000SAM1     ,1987,S01,102.4,
20944,CUUSS000SAM1     ,1987,S02,106.1,
20946,CUUSS000SAM1     ,1988,S01,109.4,
20947,CUUSS000SAM1     ,1988,S02,113.7,
20949,CUUSS000SAM1     ,1989,S01,118.5,
20950,CUUSS000SAM1     ,1989,S02,123.6,
20952,CUUSS000SAM1     ,1990,S01,129.2,
20953,CUUSS000SAM1     ,1990,S02,134.3,
20955,CUUSS000SAM1     ,1991,S01,139.3,
20956,CUUSS000SAM1     ,1991,S02,143.5,
20958,CUUSS000SAM1     ,1992,S01,149.6,
20959,CUUSS000SAM1     ,1992,S02,152.5,
20961,CUUSS000SAM1     ,1993,S01,155.9,
20962,CUUSS000SAM1     ,1993,S02,158.7,
20964,CUUSS000SAM1     ,1994,S01,160.9,
20965,CUUSS000SAM1     ,1994,S02,162.9,
20967,CUUSS000SAM1     ,1995,S01,164.1,
20968,CUUSS000SAM1     ,1995,S02,165.5,
20970,CUUSS000SAM1     ,1996,S01,169.6,
20971,CUUSS000SAM1     ,1996,S02,171.2,
20973,CUUSS000SAM1     ,1997,S01,173.2,
20974,CUUSS000SAM1     ,1997,S02,173.8,
20976,CUUSS000SAM1     ,1998,S01,177.3,
20977,CUUSS000SAM1     ,1998,S02,181.7,
20979,CUUSS000SAM1     ,1999,S01,185.2,
20980,CUUSS000SAM1     ,1999,S02,189.0,
20982,CUUSS000SAM1     ,2000,S01,191.2,
20983,CUUSS000SAM1     ,2000,S02,194.3,
20985,CUUSS000SAM1     ,2001,S01,198.2,
20986,CUUSS000SAM1     ,2001,S02,201.3,
20988,CUUSS000SAM1     ,2002,S01,205.2,
20989,CUUSS000SAM1     ,2002,S02,207.9,
20991,CUUSS000SAM1     ,2003,S01,209.6,
20992,CUUSS000SAM1     ,2003,S02,211.0,
20994,CUUSS000SAM1     ,2004,S01,212.0,
20995,CUUSS000SAM1     ,2004,S02,213.7,
20997,CUUSS000SAM1     ,2005,S01,216.1,
20998,CUUSS000SAM1     ,2005,S02,220.4,
21000,CUUSS000SAM1     ,2006,S01,225.2,
21001,CUUSS000SAM1     ,2006,S02,227.7,
21003,CUUSS000SAM1     ,2007,S01,228.523,
21004,CUUSS000SAM1     ,2007,S02,231.03,
21006,CUUSS000SAM1     ,2008,S01,233.306,
21007,CUUSS000SAM1     ,2008,S02,233.839,
21009,CUUSS000SAM1     ,2009,S01,239.286,
21010,CUUSS000SAM1     ,2009,S02,242.542,
21012,CUUSS000SAM1     ,2010,S01,247.113,
21013,CUUSS000SAM1     ,2010,S02,248.283,
21015,CUUSS000SAM1     ,2011,S01,254.008,
21016,CUUSS000SAM1     ,2011,S02,255.443,
21018,CUUSS000SAM1     ,2012,S01,260.631,
21019,CUUSS000SAM1     ,2012,S02,263.619,
21021,CUUSS000SAM1     ,2013,S01,263.59,
21022,CUUSS000SAM1     ,2013,S02,266.028,
21024,CUUSS000SAM1     ,2014,S01,269.053,
21025,CUUSS000SAM1     ,2014,S02,274.193,
21027,CUUSS000SAM1     ,2015,S01,282.201,
21028,CUUSS000SAM1     ,2015,S02,284.461,
21030,CUUSS000SAM1     ,2016,S01,290.426,
21031,CUUSS000SAM1     ,2016,S02,298.252,
21033,CUUSS000SAM1     ,2017,S01,301.832,
21034,CUUSS000SAM1     ,2017,S02,305.769,
21036,CUUSS000SAM1     ,2018,S01,307.803,
21037,CUUSS000SAM1     ,2018,S02,307.965,
21039,CUUSS000SAM1     ,2019,S01,306.555,
21040,CUUSS000SAM1     ,2019,S02,307.229,
21042,CUUSS000SAM1     ,2020,S01,303.883,
21043,CUUSS000SAM1     ,2020,S02,299.308,
21045,CUUSS000SAM1     ,2021,S01,294.629,
21046,CUUSS000SAM1     ,2021,S02,294.996,
21048,CUUSS000SAM2     ,1987,S01,102.3,
21049,CUUSS000SAM2     ,1987,S02,105.1,
21051,CUUSS000SAM2     ,1988,S01,109.0,
21052,CUUSS000SAM2     ,1988,S02,112.5,
21054,CUUSS000SAM2     ,1989,S01,116.6,
21055,CUUSS000SAM2     ,1989,S02,121.2,
21057,CUUSS000SAM2     ,1990,S01,126.8,
21058,CUUSS000SAM2     ,1990,S02,132.7,
21060,CUUSS000SAM2     ,1991,S01,138.9,
21061,CUUSS000SAM2     ,1991,S02,144.1,
21063,CUUSS000SAM2     ,1992,S01,149.7,
21064,CUUSS000SAM2     ,1992,S02,154.1,
21066,CUUSS000SAM2     ,1993,S01,159.5,
21067,CUUSS000SAM2     ,1993,S02,163.4,
21069,CUUSS000SAM2     ,1994,S01,167.3,
21070,CUUSS000SAM2     ,1994,S02,171.2,
21072,CUUSS000SAM2     ,1995,S01,175.6,
21073,CUUSS000SAM2     ,1995,S02,178.6,
21075,CUUSS000SAM2     ,1996,S01,182.3,
21076,CUUSS000SAM2     ,1996,S02,184.8,
21078,CUUSS000SAM2     ,1997,S01,187.5,
21079,CUUSS000SAM2     ,1997,S02,189.3,
21081,CUUSS000SAM2     ,1998,S01,193.0,
21082,CUUSS000SAM2     ,1998,S02,196.0,
21084,CUUSS000SAM2     ,1999,S01,199.6,
21085,CUUSS000SAM2     ,1999,S02,202.4,
21087,CUUSS000SAM2     ,2000,S01,206.9,
21088,CUUSS000SAM2     ,2000,S02,211.3,
21090,CUUSS000SAM2     ,2001,S01,217.3,
21091,CUUSS000SAM2     ,2001,S02,221.9,
21093,CUUSS000SAM2     ,2002,S01,228.1,
21094,CUUSS000SAM2     ,2002,S02,232.8,
21096,CUUSS000SAM2     ,2003,S01,238.0,
21097,CUUSS000SAM2     ,2003,S02,242.5,
21099,CUUSS000SAM2     ,2004,S01,249.2,
21100,CUUSS000SAM2     ,2004,S02,253.6,
21102,CUUSS000SAM2     ,2005,S01,261.4,
21103,CUUSS000SAM2     ,2005,S02,265.6,
21105,CUUSS000SAM2     ,2006,S01,273.4,
21106,CUUSS000SAM2     ,2006,S02,278.3,
21108,CUUSS000SAM2     ,2007,S01,288.323,
21109,CUUSS000SAM2     ,2007,S02,295.346,
21111,CUUSS000SAM2     ,2008,S01,301.976,
21112,CUUSS000SAM2     ,2008,S02,305.71,
21114,CUUSS000SAM2     ,2009,S01,311.227,
21115,CUUSS000SAM2     ,2009,S02,315.256,
21117,CUUSS000SAM2     ,2010,S01,323.204,
21118,CUUSS000SAM2     ,2010,S02,325.33,
21120,CUUSS000SAM2     ,2011,S01,330.944,
21121,CUUSS000SAM2     ,2011,S02,335.593,
21123,CUUSS000SAM2     ,2012,S01,344.429,
21124,CUUSS000SAM2     ,2012,S02,351.423,
21126,CUUSS000SAM2     ,2013,S01,357.478,
21127,CUUSS000SAM2     ,2013,S02,362.616,
21129,CUUSS000SAM2     ,2014,S01,368.012,
21130,CUUSS000SAM2     ,2014,S02,370.491,
21132,CUUSS000SAM2     ,2015,S01,377.505,
21133,CUUSS000SAM2     ,2015,S02,381.753,
21135,CUUSS000SAM2     ,2016,S01,390.824,
21136,CUUSS000SAM2     ,2016,S02,398.833,
21138,CUUSS000SAM2     ,2017,S01,402.908,
21139,CUUSS000SAM2     ,2017,S02,406.402,
21141,CUUSS000SAM2     ,2018,S01,412.987,
21142,CUUSS000SAM2     ,2018,S02,416.457,
21144,CUUSS000SAM2     ,2019,S01,425.364,
21145,CUUSS000SAM2     ,2019,S02,438.23,
21147,CUUSS000SAM2     ,2020,S01,450.913,
21148,CUUSS000SAM2     ,2020,S02,459.088,
21150,CUUSS000SAM2     ,2021,S01,462.254,
21151,CUUSS000SAM2     ,2021,S02,464.832,
21153,CUUSS000SEMC     ,1987,S01,102.7,
21154,CUUSS000SEMC     ,1987,S02,105.8,
21156,CUUSS000SEMC     ,1988,S01,109.8,
21157,CUUSS000SEMC     ,1988,S02,113.2,
21159,CUUSS000SEMC     ,1989,S01,116.4,
21160,CUUSS000SEMC     ,1989,S02,119.3,
21162,CUUSS000SEMC     ,1990,S01,123.6,
21163,CUUSS000SEMC     ,1990,S02,127.3,
21165,CUUSS000SEMC     ,1991,S01,131.7,
21166,CUUSS000SEMC     ,1991,S02,135.8,
21168,CUUSS000SEMC     ,1992,S01,139.7,
21169,CUUSS000SEMC     ,1992,S02,143.0,
21171,CUUSS000SEMC     ,1993,S01,146.7,
21172,CUUSS000SEMC     ,1993,S02,149.5,
21174,CUUSS000SEMC     ,1994,S01,152.4,
21175,CUUSS000SEMC     ,1994,S02,155.5,
21177,CUUSS000SEMC     ,1995,S01,158.6,
21178,CUUSS000SEMC     ,1995,S02,161.1,
21180,CUUSS000SEMC     ,1996,S01,164.3,
21181,CUUSS000SEMC     ,1996,S02,166.7,
21183,CUUSS000SEMC     ,1997,S01,169.6,
21184,CUUSS000SEMC     ,1997,S02,171.3,
21186,CUUSS000SEMC     ,1998,S01,174.7,
21187,CUUSS000SEMC     ,1998,S02,177.5,
21189,CUUSS000SEMC     ,1999,S01,180.6,
21190,CUUSS000SEMC     ,1999,S02,182.9,
21192,CUUSS000SEMC     ,2000,S01,186.6,
21193,CUUSS000SEMC     ,2000,S02,189.0,
21195,CUUSS000SEMC     ,2001,S01,193.5,
21196,CUUSS000SEMC     ,2001,S02,196.4,
21198,CUUSS000SEMC     ,2002,S01,198.7,
21199,CUUSS000SEMC     ,2002,S02,200.7,
21201,CUUSS000SEMC     ,2003,S01,204.0,
21202,CUUSS000SEMC     ,2003,S02,205.9,
21204,CUUSS000SEMC     ,2004,S01,210.8,
21205,CUUSS000SEMC     ,2004,S02,213.5,
21207,CUUSS000SEMC     ,2005,S01,218.6,
21208,CUUSS000SEMC     ,2005,S02,221.6,
21210,CUUSS000SEMC     ,2006,S01,225.3,
21211,CUUSS000SEMC     ,2006,S02,228.1,
21213,CUUSS000SEMC     ,2007,S01,234.36,
21214,CUUSS000SEMC     ,2007,S02,237.683,
21216,CUUSS000SEMC     ,2008,S01,242.152,
21217,CUUSS000SEMC     ,2008,S02,245.335,
21219,CUUSS000SEMC     ,2009,S01,249.201,
21220,CUUSS000SEMC     ,2009,S02,252.154,
21222,CUUSS000SEMC     ,2010,S01,256.509,
21223,CUUSS000SEMC     ,2010,S02,258.551,
21225,CUUSS000SEMC     ,2011,S01,261.539,
21226,CUUSS000SEMC     ,2011,S02,263.06,
21228,CUUSS000SEMC     ,2012,S01,266.412,
21229,CUUSS000SEMC     ,2012,S02,270.196,
21231,CUUSS000SEMC     ,2013,S01,273.364,
21232,CUUSS000SEMC     ,2013,S02,276.323,
21234,CUUSS000SEMC     ,2014,S01,279.363,
21235,CUUSS000SEMC     ,2014,S02,281.692,
21237,CUUSS000SEMC     ,2015,S01,286.298,
21238,CUUSS000SEMC     ,2015,S02,289.403,
21240,CUUSS000SEMC     ,2016,S01,293.385,
21241,CUUSS000SEMC     ,2016,S02,299.488,
21243,CUUSS000SEMC     ,2017,S01,301.702,
21244,CUUSS000SEMC     ,2017,S02,302.286,
21246,CUUSS000SEMC     ,2018,S01,306.583,
21247,CUUSS000SEMC     ,2018,S02,305.889,
21249,CUUSS000SEMC     ,2019,S01,308.915,
21250,CUUSS000SEMC     ,2019,S02,312.013,
21252,CUUSS000SEMC     ,2020,S01,315.027,
21253,CUUSS000SEMC     ,2020,S02,319.337,
21255,CUUSS000SEMC     ,2021,S01,325.342,
21256,CUUSS000SEMC     ,2021,S02,328.403,
